1 2 3 (one two three) syrup 120 ml,Pseudoephedrine+paracetamol+chlorpheniramine,hikma,1,19.5,,cold drugs
1 2 3 (one two three) 20 f.c.tabs.,Pseudoephedrine+paracetamol+chlorpheniramine,hikma,2,24,,cold drugs
5-fluorouracil-ebewe 250mg/5ml i.v. vial,Fluorouracil,shanghai xudong haipu pharmaceutical > acdima international trading,1,50,9088881320685,antineoplastic
Mooagar sachets,Agar,hexa pharma company,1,75,,jaundice
Limitless lactoferrin 100 mg 30 sachets,Lactoferrin,eva pharma,30,220,,iron supplement
A.c.d anti-coagulant solution,,,1,54,,
A1 cream 100 gm,Castor oil+zinc oxide+arachis oil+bees wax,egpi > egd,1,45,6223003930479,soothing agent
Ab1 syrup 120 ml,,,1,21.95,,
Abc plus 14 tablets,Multivitamins-minerals -antioxidants,,2,19.8,6222003925089,
Abelcet 100mg vial,Amphotericin lipid complex,,1,1020,,
Abevac 1mg/ml vial,Bee venom,vacsera,1,10,,vaccine
Abidec multivitamin drops 25ml,Multivitamins,,1,60,5012616173004,
Abidec multivitamin drops for inf. & child 50 ml,Multivitamins,,1,105,5010123709501,
Abilaxine 5 mg 20 coated tab.,Bisacodyl,glaxo smithkline,2,4.5,6221045000839,laxative
Abilaxine 10mg 5 adult supp.,Bisacodyl,glaxo smithkline,1,4,,laxative
Abilaxine 5mg 5 infantile supp.,Bisacodyl,glaxo smithkline,1,3.2,,laxative
Abilia 15mg 30 f.c.tabs.,Aripiprazole,chemipharm,3,105,,psychiatric.antipsychotics
Abilia 20mg 30 f.c.tabs.,Aripiprazole,chemipharm,3,120,,psychiatric.antipsychotics
Abilify 10 mg 10 discmelt orally dis.tabs.,Aripiprazole,bristol-myers squibb > otsuka,1,190,,psychiatric.antipsychotics
Abilify 10 mg 10 tabs.,Aripiprazole,otsuka,1,220.5,6222014003547,psychiatric.antipsychotics
Abilify 15 mg 10 discmelt orally dis.tabs.,Aripiprazole,bristol-myers squibb > otsuka,1,270,,psychiatric.antipsychotics
Abilify 15 mg 10 tabs.,Aripiprazole,otsuka,1,330.5,6222014003530,psychiatric.antipsychotics
Abilify 5 mg 10 tabs.,Aripiprazole,otsuka,1,134.5,6222014002182,psychiatric.antipsychotics
Abimol 150mg/5ml syrup 125ml,Paracetamol(acetaminophen),glaxo smithkline,1,5,6221045000600,antipyretic.analgesic
Abimol 500 mg 20 tab.,Paracetamol(acetaminophen),glaxo smithkline,2,13,6221045000341,antipyretic.analgesic
Abimol extra 20 tab.,Caffeine+paracetamol,glaxo smithkline,2,16,6221045011101,analgesic.antipyretic.headache
Abimol 300mg 5 rectal supp.,Paracetamol(acetaminophen),glaxo smithkline,1,15,6221045000808,antipyretic.analgesic
Abivit-a 50.000 i.u. 20 caps. (cancelled),Vitamin a,glaxo smithkline,2,3.75,6221045000730,vitamin a
Abivit c eff 12 tab,Vitamin c,,1,5.25,,
Abrammune 100 mg 50 capsules(n/a yet),Cyclosporin,amoun,5,410,,immunosuppressant
Abrammune 100mg/ml syrup(n/a yet),Cyclosporin,amoun,1,410,,immunosuppressants
Abrammune 25 mg 10 caps.(n/a yet),Cyclosporin,amoun,1,24,,immunosuppressants
Abrammune 50 mg 10 caps.(n/a yet),Cyclosporin,amoun,1,44,,immunosuppressant
Abrammune 50mg/ml syrup(n/a yet),Cyclosporin,amoun,1,220,,immunosuppressant
Acapril 20mg 20 tab.,Enalapril,alfacure pharmaceuticals,2,18,6224000875152,antihypertensive.ace
Acapril 5 mg 10 tab.,Enalapril,alfacure pharmaceuticals,1,6.75,6224000875190,antihypertensive.ace
Acc 200mg 20 sachets,Acetylcysteine,mina pharm > hexal ag germany,20,28,6222003701560,mucolytic
Limitless prenatal max 30 tabs.,,eva pharma,3,165,6223007352543,multivitamin
Acc long 600mg 5 effervescent tab.,Acetylcysteine,mina pharm > hexal ag germany,1,30,6222003701553,mucolytic
Orgalight extra cream 60 gm,Whitening formula,hi-care > organic pharma,1,52,,whitening topical
Mamy vital 20 caps.,,,2,158,,
Acetaminophen 125mg paed. supp.u.s.p.xxiii,Paracetamol,sedico,1,3,,antipyretic.analgesic
Acetaminophen 500mg 20 tab,Paracetamol(acetaminophen),sedico,2,15,,antipyretic
Acetaprofen 100ml susp.,Ibuprofen+paracetamol,kahira,1,5,6221068402993,analgesic.antipyretic
Acetaprofen 120ml susp.,Ibuprofen+paracetamol,kahira,1,6.75,,analgesic.antipyretic.nsaid
Acetoful for women 10 tabs.,Pamabrom+paracetamol,sigma > people pharma,1,10.5,,menstrual pain releif
Acetorphan children 30mg oral sachet,Racecadotril,epci,1,10,,antidiarrheal
Acetorphan infant 10mg oral sachets,Racecadotril,epci,1,5,,antidiarrheal
Acetylcistein 200 mg 10 sachet,Acetylcysteine,sedico,10,30,6221042202014,mucolytic
Allzyme max limitless 20 e.c. tab,Chemotrypsin+trypsin+bromelain,eva pharma,2,92,,anti-inflammatory
Nercefaxon 1 gm i.v. vial,Ceftriaxone,badr pharma,1,26.5,,antibiotic.cephalosporin.third-generation
Ranxapin 10 mg 7 tabs.,Olanzapine,future pharmaceutical industries(fpi) > sun pharma egypt limited,1,35,,psychiatric.antipsychotics
Achtenon 2 mg 30 tabs.,Biperidene,arab drug company.,3,34.5,6221060005239,antiparkinson agents. muscarinic antagonist.neuro
Boneimc 4mg/5ml conc. vial inf.,Zoledronic acid,hikma specialized pharmaceuticals,1,997,,osteoporosis.bisphosphonates
Aciclovir mylan 500 mg 5 vials,Acyclovir,reig jofre-spain > ramco,5,520,,antiviral.nucleoside
Acicone susp. 120ml,Magaldrate,mup,1,4.75,,antacid
Acicone 720 mg 20 chew. tab.,Magaldrate,mup,2,28.5,6221508014014,antacid
Acicone-s oral susp. 120ml,Magaldrate+simethicone,mup,1,5,,antacid
Acicone susp. 200 ml,Magaldrate,mup,1,7.5,6221508060912,antacid
Acicone-s 720/25mg 20 chew. tab,Magaldrate+simethicone,mup,2,6.5,6221508014519,antacid
Acicone-s oral susp. 200ml,Magaldrate+simethicone,mup,1,8,6221508061018,antacid
Acidnor 200 ml / amp 2 ml(5 amp),Cimetidine,,5,11.5,,
Acilight 150mg 30 film coated tab. (cancelled),Ranitidine,el-obour,3,29.25,6223004600098,peptic ulcer.anti-histamine.h2 antagonist
Aciloc 150mg eff.granules 5 sachets (cancelled),Ranitidine,sigma,5,7.5,6221051030172,peptic ulcer.anti-histamine.h2 antagonist
Aciloc 300mg 20 f.c. tabs. (cancelled),Ranitidine,sigma,2,33.84,6221051012338,peptic ulcer.anti-histamine.h2 antagonist
D.dep 1000 i.u. 30 caps.,Cholecalciferol(vitamin d3),d.dep > globe international pharmaceuticals,1,200,6224008365617,vitamin d
Steadyfutal 16 mg 60 tab,Betahistine,future pharmaceutical industries (fpi),6,91.5,,diamine oxidase inhibitor
Aciloc 75 mg 20 f.c. tabs. (cancelled),Ranitidine,sigma,2,15,6221051011386,peptic ulcer.anti-histamine.h2 antagonist
Acitretin 10mg 30 caps.,Acitretin,kahira > sabaa,3,87,6224000808006,psoriasis
Acitretin 25mg 30 caps.,Acitretin,kahira > sabaa,3,135,6224000808013,psoriasis
Acivirax 800mg 20 tabs.,Acyclovir,mash premiere,2,107,6222001407808,anti-viral.nucleoside
Acne benz topical gel 30 gm,Benzoyl peroxide+erythromycin,global napi pharmaceuticals,0,16.2,,anti-acne
Acne free 0.05% cream 30 gm,Tretinoin,amoun,0,13.5,,anti-acne
Acne free 0.025% gel 30 gm (n/a),Tretinoin,amoun,1,13,6221025002877,anti-acne
Acne stop lotion,Oleanolic acid,,1,20.1,,
Acne biotic paint 15 ml,Erythromycin+zinc acetate,arab drug company. > apc (arab perfumes chemicals and pharmaceutical co.),1,16.5,6221060001330,anti-acne
Acnescave 0.1% topical gel 30 gm,Adapalene,biopharm egypt > saja pharmaceuticals,1,23.5,6221126000420,anti-acne
Acnesone lotion 60 ml,Calamine+hydrocortisone+sulphur,global napi pharmaceuticals,1,8.5,,anti-acne
Acne-stop cream 30 gm,Oleanolic acid+ndga (nordihydroguaiaretic acid)+propolis+osmotic gel,mash premiere,1,48,6222001405118,anti-acne
Acne-stop facial wash 250 ml,Oleanolic acid+ndga (nordihydroguaiaretic acid)+propolis+osmotic gel,mash premiere,1,120,,skin care.anti-acne
Acnetin- a 0.05% topical sol. 15 ml,Tretinoin,sigma,1,6,6221051060254,anti-acne
Acnetin- a 0.05% cream 30 gm,Tretinoin,sigma,1,9,6221051080078,anti-acne
Acnetin- a 0.025% topical gel 30 gm,Tretinoin,sigma,1,9,,anti-acne
Rybelsus 3 mg 30 tabs.,Semaglutide,novo nordisk,3,3150,,anti-diabetic.glp-1 receptor agonist
Acni-care 2% topical gel 20 gram,Erythromycin,,0,6.5,,
Acni-care 2% top. gel. 20 gm,Erythromycin,sigma,1,6.5,6221051150030,antibiotic.macrolide.anti-acne
Acni-care 2% lotion 25 ml,Erythromycin,sigma,1,8,6221051060278,anti-acne.antibiotic.macrolide
Acnidu topical gel,Benzoyl peroxide+erythromycin,eva pharma,1,16.2,6223002453610,anti-acne
Acnitaz 0.1% topical gel. 15 gm,Tazarotene,marcyrl co.,1,14.4,,psoriasis
Acretin 0.025% cream 30 gm,Tretinoin,jamjoom pharmaceuticals,1,23,6281276025353,anti-acne
Acretin 0.05% cream 30 gm,Tretinoin,jamjoom pharmaceuticals,1,25.5,6281276015354,anti-acne
Acro cream 75 gm,Vitamin a+vitamin e,egyptian company for cosmetics > acromedica for drug trading,1,56.95,,moisturizing topicals
Acromolyn eye drops,Sodium cromoglicate,,1,4.3,,
Act hair shampoo 125 ml,,globe international pharmaceuticals,1,19.75,,hair care
Act life 20 capsules,Chromium picolinate,debeiky,2,54,,weight loss
Acti 5 syrup 120 ml,Calcium-glutamic acid-lycine-phosphoric,,1,7,,
Acticarb 10 tab,Charcoal+kaolin,,1,2.65,,
Actifast 12.5mg 20 tab.,Diclofenac potassium,sigma > october pharma,2,8.5,6221051011454,analgesic .nsaid.acetic acid derivatives
Actifed 12 tab.,Pseudoephedrine+triprolidine,glaxo smithkline,1,5,6221045000440,common cold drugs
Actifed syrup 120ml,Pseudoephedrine+triprolidine,glaxo smithkline,1,5.5,6221045000631,common cold drugs
Actifed expectorant syrup 120 ml,Guaifenesin+pseudoephedrine+triprolidine,glaxo smithkline,1,6.25,6221045000648,anti-cough.antitussive and expectorant
Actilyse 50 mg 2 vials+2 solvents i.v. inf.,Alteplase,boehringer ingelheim > united company for trading & distribution,2,14976,,tissue plasminogen activator
Actimar 30 caps.,L-glutamine+l-taurine+thiamine+pyridoxine+zinc,hi-pharm,3,65,6224001050039,multi-vitamins.comination
Empabetes 25 mg 30 f.c. tabs.,Empagliflozin,egpi,3,262.5,,anti-diabetic.secretagogues.sglt2 inhibitors
Activat 10 sachets,Pollen grains,,1,11,,
Activate 200mg 40 sugar coated tab.,Sulbutiamine,sigma,2,26,6221051010051,nootropic
Evaneotrim 120 ext. f.c. tabs.,Naltrexone+bupropion,eva pharma,1,1598,6223007355605,weight control
Active massage cream 50 gm,Herbal formula,leader cosmetics > interpharma,1,19.95,,massage.topical analgesic.muscle
Active hair oil 120 ml,Aloe vera oil+jojoba oil+thyme oil+jasmine oil+olive oil+rosemary oil+lavender oil+vitamin e,hi-care > avano pharma,1,95,6224000201685,hair care
Active man 20 tab,Multivitamins,,2,33.6,,
Active hair shampoo 250 ml,,hi-care > avano pharma,1,110,6224000201692,hair care
Active women 20 tab,Multivitamins,,2,33.6,,
Activelle 28 tab,Estradiol valerate+norethisterone,,1,34.8,,
Activen 20 tab,Grape seed ext,hi pharm,2,23.4,,hair care
Activent 8mg sr 20 cap.,Salbutamol,mup,2,13.2,6221508023016,bronchodilator
Activity massage cream 75 gm,Stearic acid+bees wax+sodium hydroxide+peppermint oil+glycerol+thyme extract+clove extract+cinnamon+,egyptian company for cosmetics > care mid-east pharma,1,37,,massage
Oftadilate 1% eye drops 20*0.5 ml sdu,Tropicamide,global advanced pharmaceuticals (gap) > monopharma pharmaceuticals,1,72,,mydriatic
Actnow 10 capsules,Ginseng+royal jelly+wheat germ oil+bee pollen+bee propolis,sigma > egpi,1,30,,multivitamins
Actonel 35mg once-a-week 2 f.c. tab. (n/a),Risedronate sodium,actavis > multipharma,1,121.5,5690528261318,osteoporosis.bisphosphonates
Lanzyplex 30 mg 10 caps.,Lansoprazole,biosystem pharmaceutical group,1,46.5,,peptic ulcer.proton pump inhibitor
Actos 15mg 30 tab.,Pioglitazone,arab pharmaceutical manufacturing co. > hikma pharma,3,154,6251159024612,anti-diabetic.sensitizers.glitazone
Actos 30mg 30 tab.,Pioglitazone,arab pharmaceutical manufacturing co. > hikma pharma,3,210,6251159024605,anti-diabetic.sensitizers.glitazone
Reen-c 500 mg 20 caps.,Vitamin c,hepta,2,45,,vitamin c
Jasno 50 gm top cream,Eucalyptus oil +clove+peppermint oil+camphor oil,bms pharma,1,45,,
Novocobal 1 mg 30 sublingual tabs.,Mecobalamin,european egyptian pharm. ind.,1,43.5,,vitamin b12
Actrapid hm 100 i.u./ml 5*3ml penfills,Insulin neutral human,novo nordisk,5,196,,anti-diabetic.insulin analouge
Acucort cream 60 gm,Glucosamine sulfate+chondroitin sulfate+liposome (vitamin e)+corn germ oil,egyptian company for cosmetics > speda company,1,38,,massage
Acular ls 0.4% eye drops 5 ml,Ketorolac tromethamine,allergan > soficopharm,1,41.5,5016007203790,analgesic.nsaid.acetic acid derivatives
Acupan 20mg/ml 3 amps.(n/a),Nefopam,eipico > 3m health care-u.k.,3,7.05,,analgesic.non opioid
Acupan 30mg 20 tabs.(n/a),Nefopam,eipico > 3m health care-u.k.,2,10,6221032110022,analgesic.non opioid
Acyclostad 5% cream 10 gm,Acyclovir,global napi pharmaceuticals > stada,1,9.75,6223002148066,antiviral.nucleoside
Acyclovir 1gm vial 5 ml,Acyclovir,,1,17.1,,
Acyclovir 200mg 20 tab,Acyclovir,memphis,2,13.5,,antiviral.nucleoside
Acyclovir 250mg 3 vials,Acyclovir,,3,7.1,,
Acyclovir 3% eye oint. 5 gm,Acyclovir,misr,1,5.75,6221035006025,antiviral.nucleoside
Emitacalm cream 50 gm,ZINC OXIDE - ALEO VERA - CHAMOMILE - TITANIUM DIOXIDE - OLIVE OIL - PARAFFINUM LIQUIDUM - ROSE OIL,EMC,1,45,,cream
Acyclovir-misr 5% topical cream 10 gm,Acyclovir,misr,1,25.75,6221035008005,antiviral.nucleoside
Adalat retard 20 mg 30 tab,Nifedipine,,3,12.55,,
Adamat 250mg 30caps.,Methyldopa,el nasr,3,8.6,,antihypertensives.centeral alpha 2 agonist
Adancor 10mg 30 breakable tabs.,Nicorandil,merck kgaa f.r.germany > merck limited egypt,3,83,6222003702437,anti-ischemic
Adant 25mg/2.5ml intra-articular prefilled syringe,Sodium hyaluronate,tedec meiji farma-spain > al delta pharmaceuticals trading co.,1,825,,analgesic anti-inflammatory.tissue lubricant
Adaptan 400 mg 10 soft gelatin caps.,Gabapentin,european egyptian pharm. ind.,1,31.2,6221076120070,anti-epileptic.gaba analogs
Adcocetine 1% oint. 15 gm,Chloramphenicol,arab drug company.,1,3.75,6221060001361,antibiotic
Adcocort 4mg 10 tab,Triamcinolone,,1,3.05,,
Adcocycline 3% oint. 15 gm,Tetracycline,arab drug company.,1,7.25,,antibiotic.tetracycline
Adcoform 15 gm oint,Prednisolone-ichthammol,,1,3.3,,
Adcopantin 5% topical cream 20 gm,Panthenol,arab drug company.,1,12,,moisturizing topicals
Adcostigmine 5 mg 20 tab.,Distigmine bromide,arab drug company.,2,2.05,,antimuscarinic.urinary bladder antispasmodic
Addamel n 20 i.v amp 10 ml,Chromic cl+copper cl+ferric cl+potassium i+sodium fluoride+sodium molybdate+sodium selenite+zinc cl,fresenius kabi,20,372.5,,sterile solution
Adenocor 6 vial 2 ml,Adenosine,sanofi,6,191.7,,anti tachycardia
Adenoplex forte 3 amp,Atp-co-carboxylase-nicotinamide-vitamin,,3,11.8,6221077150113,
Adeno sed b forte 3 amp.,Adenosine triphosphate+cocarboxylase+nicotinamide+vitamin b12,sedico,3,7.5,6221042416022,vitamins
Adenosin forte 3 lyophilized i.m. amp.,Adenosine triphosphate+cocarboxylase+nicotinamide+vitamin b12,el nile.,3,25.5,6221077151110,vitamins
Adenox forte 20 f.c tab.,Atp+vitamin b6,sigma,2,11.5,6221051010181,vitamins
Ad-muc oral oint. 10 gm,Chamomile+myrrh tincture,marcyrl co. > merz,1,11,6223003579753,oral care
Adol 500mg 24 caplets,Paracetamol(acetaminophen),julphar,2,21,6291100080069,antipyretic.analgesic
Adol sinus 24 caplets,Paracetamol+pseudoephedrine,eimc > julphar,2,24,6291100080199,cold drugs
Adolor 10 mg 20 f.c.tabs.,Ketorolac tromethamine,pharco,2,17.25,6221151001805,analgesic.antipyretic.nsaid.acetic acid derivatives
Adolor 15 mg 3 amps.,Ketorolac tromethamine,pharco,3,19.5,6223000012208,analgesic
Adolor 30 mg 3 amps.,Ketorolac tromethamine,pharco,3,24,6223000013748,nsaid.acetic acid derivatives
Adrenaline-cid 1 mg/1ml 100 i.m./s.c. amp.,Adrenaline,cid,100,206,,alpha and beta adrenergic agonist
Adriamycin 10mg vial,Doxorubicin,,1,28.35,,
Adriamycin rapid 10mg vial,Doxorubicin,,1,31.9,,
Adriblastina r.d 50mg vial,Doxorubicin,pfizer,1,260,,antineoplastic
Adriblastina r.d 10mg vial. (n/a),Doxorubicin,pfizer,1,57,,antineoplastic
Adruan 5 vial,Pipecuronium bromide,,5,57,,
Advancrib 400 mg 5 f.c. tabs.,Moxifloxacin,egpi > advance pharma-egypt,1,59,6221081155586,antibiotic.quinolone
Advic cream 50 gm,,advance pharma-egypt,1,17.5,6210255583560,moisturizing topicals
Advil 20mg suspension,Ibuprofen+pseudoephedrine,,1,97.5,,
Advil 200mg 24 tab,Ibuprofen,,2,31.2,,
Advil cold and sinus 10 coated caplets,Ibuprofen,,1,26.5,,
Advil cold & sinus 20 cap,Ibuprofen+pseudoephedrine,,2,53,,
Advil concetrared drops 15 ml,Ibuprofen,,1,78,,
Advil effective medicine 200mg 24 tab,Ibuprofen,,2,31.2,,
Advil ibuprofen 10 tab,Ibuprofen,,1,38,,
Advil rhume et sinus 20 tab imp,Ibuprofen+pseudoephedrine,,2,75,,
Advochol 10mg 7 f.c. tabs. (n/a),Rosuvastatin,el-obour > advocure,1,25,,antihyperlipidemic
Advodmontace 5mg tab,Donepezil,,1,100,6225525558308,
Adwiflam 12.5mg infants 5 supp.,Diclofenac potassium,adwia,1,7.5,6223002978236,nsaid.acetic acid derivatives.antipyretic
Adwiflam 25mg children 5 supp.,Diclofenac potassium,adwia,1,8,6223002977031,nsaid.acetic acid derivatives.antipyretic
Adwiflam 50mg e.r. 30 caps.,Diclofenac potassium,adwia,3,29.25,6223002977413,nsaid.acetic acid derivatives.antipyretic.analgesic
Adwiflam 50 mg 10 sachets,Diclofenac potassium,adwia,10,22.5,6223002977864,nsaid.acetic acid derivatives.antipyretic.analgesic
Adwiflam 75mg/3ml 6 amp.,Diclofenac potassium,adwia,6,36,6223002978052,nsaid.acetic acid derivatives.antipyretic.analgesic
Adwiflam emulgel 50 gm,Diclofenac diethylamine+methyl salicylate+menthol,bioriginal international group pharma egypt > adwia,1,19,6223002972005,analgesic
Adwimove topical gel 20 gm,Mucopolysacharide polysulfuric acid+salicylic acid,bioriginal international group pharma egypt > adwia,1,9,,analgesic
Adwiprazole 10mg 30 f.c. tab.,Aripiprazole,adwia,3,90,6223002977703,psychiatric.antipsychotics
Adwiprazole 30mg 10 f.c.tab.,Aripiprazole,adwia,1,40,6223002977710,psychiatric.antipsychotics
Adwipril 4 mg 30 tab.,Perindopril,adwia,3,45,6223002977598,antihypertensive.ace
Adwipril 2mg 10 tab.,Perindopril,adwia,1,10,,antihypertensive.ace
Adwisomn 25 mg 20 cap. (n/a),Doxylamine succinate,adwia,2,7.3,,antihistamine
Adwivalsar 160mg 30 scored f.c. tabs.,Valsartan,adwia,3,57,6223002978069,antihypertensive.angiotensin blocker
Adwivit syrup 120 ml,Vitamin a-b-c-iron-calcium-nicotinamide,,1,6,,
Aeromax- hp (eas) 90 cap,Montelokast+levocetrizine,positive medicare,9,385,,ant allergic
Afri medical enema,Enema,,1,20.4,,
Afrin pediatric 0.25mg/ml nasal drops 10 ml(n/a),Oxymetazoline,mup > schering plough,1,3.75,6221508080118,nasal congestion.adrenergic alpha-agonist
Aftamed oral gel junior 15ml,Hyaluronan sodium salt,bioplax limited > aug pharma,1,88,5060176730014,oral care
Ascelera massage gel 60 gm,,,1,40,,muscle pain
Aggrastat 12.5mg/50ml i.v. infusion,Tirofiban,merck sharp & dohme,1,1939,,antiplatelet
Aggrex 75mg 60 tabs.,Acetylsalicylic acid,rameda,6,33,6223003973872,nsaid.salicylates.aspirin.blood thinner
Aggrex 250mg 20 tab.,Acetylsalicylic acid,rameda,2,6,,nsaid.salicylates.analgesic.antipyretic.aspirin
Agiolax 12 granules in sachets,Ispaghula husk+plantago seed+senna,cid > madaus ag,12,60,6221043040004,laxative
Agnucaston 20 mg 30 f.c.tabs,Dry extract of the fruit of the chaste tree,bionorica ag-germany > technomed group-egypt,3,79.5,4029799121723,menstrual disorders
Agreal 100 mg 20 cap,Veralipride,,2,36.5,6221050050027,علاج الأعراض المصاحبة للطمث
Agrippal s1 vaccine,Vaccine influenza,novartis > makram mehany pharma,1,32,,vaccine
Aig alfuzosin xr 10mg 10 extended release f.c.tab,Alfuzosin,bioriginal international group pharma egypt > arabian international group (aig),1,13,,antihypertensive.selective alpha 1 receptor blockers
Aig minoxidil 2% scalp lotion 100 ml,Minoxidil,egpi > arabian international group (aig),1,42,6223003931254,antihypertensives.hair regrowth.vasodilator agents
Aiminosyn 10% 500 ml p infusion,Amino acids,,1,33.8,,diatary supplement
Aiminosyn 7 % 500 ml p infusion,Amino acids,,1,30,,
Aironyl 1.5mg/5ml syrup 120ml,Terbutaline,sedico,1,20.5,6221042250015,bronchodilator.short-acting b2 agonist
Aironyl 2.5 mg 20 tabs.,Terbutaline,sedico,2,12,6221042005028,bronchodilator.short-acting b2 agonist
Akerat cream 200 ml,,,1,149,,
Akineton 2 mg 20 tabs.,Biperidene,kahira > abbott laboratories,2,11,6221060001088,antiparkinson agents. muscarinic antagonist
Akineton 5 mg/ml 5 amps.,Biperidene,abbott laboratories > united company for trading & distribution,5,60,,antiparkinson agents. muscarinic antagonist
Aknapalen 1% topical gel 25 gm,Adapalene,egpi,1,10,,anti-acne
Aknemycin 2% oint. 15 gm,Erythromycin,mup > hermal-germany,1,5,6221508110310,antibiotic.macrolide.acne
Aknemycin 2% solution 25 ml,Erythromycin,mup > hermal-germany,1,9,6221508180115,antibiotic.macrolide.acne
Akneroxid-5 5% gel 20 gm,Benzoyl peroxide,mup > hermal-germany,1,4.25,6221508200417,anti-acne
Alaba cream 50gm,,,1,21.5,,
Alambuphine 20mg/2ml 5 amp,Nalbuphine,amriya,5,44.75,,analgesics.opioid
Alaska 20 caps.,Pure fish oil+epa+dha+e1,> technopharm,2,21,,omega 3
Albapure 20% 50ml i.v.infusion (n/a),Human albumin,csl behring ag > 2s pharma group,1,545,,hypoalbuminemia
Albothyl 90mg 8 vag. supp,Policresulen,marcyrl co. > aug pharma,2,44,6223005460646,antiseptic.vaganial infection
Albothyl 1.8% vag. jel 40 gm,Policresulen,marcyrl co. > aug pharma,1,30.5,6223005460646,antiseptic.vaganial infection
Albumin human 20% (50ml) i.v infusion,Human albumin,blood center of the german red cross chapters-germany > faripharma medical co-egypt,1,210,,hypoalbuminemia
Albumin (human ) u.s.p 5% 1 vial 250 ml,Human albumin,,1,200,,
Albumin human 20% (100ml) i.v infusion,Human albumin,blood center of the german red cross chapters-germany > faripharma medical co-egypt,1,305,,hypoalbuminemia
Albumin- kgc cc 50 ml vials,Human albumin,,1,180,,
Albumina umana isi 20 % vial,Human albumin,kedrion s.p.a.-italy > sunny medical,1,135,,hypoalbuminemia
Albumina tive 96% i.v. infusion,Human albumin,,1,210,,
Albustix 8 mg 30 tabs.,Candesartan cilexetil,sigma > concord pharmaceutical industries,3,58.5,,antihypertensive.arbs
Avinox spray oral spray 60 ml,Cetrimonium bromide,,1,35,,mouth healing ulcers
Sim albustix d 8/12.5mg 30 tabs.,Candesartan cilexetil+hydrochlorothiazide,sigma > concord pharmaceutical industries,3,144,,antihypertensive. combined angiotensin blocker with diuretic
Albutein 20% i.v. infusion (hospitals only),Human albumin,grifols biological inc.-usa > egyptian pharmex,1,545,,human albumin
Alcagent mouth wash 100ml,,leader cosmetics > golden life,1,4.95,,oral care
Alcofan 100 mg 5 supp.,Ketoprofen,alexandria,1,6.75,6223000172438,nsaid.propionic acid derivatives
Alcofan 50 mg 12 caps.,Ketoprofen,alexandria,1,9,6223000172827,nsaid.propionic acid derivatives
Alcofan 25 mg 20 tabs.,Ketoprofen,alexandria,2,12,6223000170236,nsaid.propionic acid derivatives
Limitless vitamin c 500 mg 20 tabs.,Vitamin c,eva pharma,2,139,,vitamin c
Alcofan 2.5% gel 30 gm,Ketoprofen,alexandria,1,8.25,6223000172292,nsaid.propionic acid derivatives
Limitless woman max 30 tabs.,,eva pharma,1,180,6223012481795,multivitamins
Aldactone 100mg 20 tab,Spironolactone,kahira > searle-canada,2,22,6221068905746,diuretic.potassium-sparing diuretics
Acti-colla -c 10 sachets,Gelatin(collagen)hydrolysate+vitamin c+rosehip,eva pharma,0,145,,anti-rhumatic osteoarthriries anabolic agents
Aldactone 25mg 20 tab,Spironolactone,kahira > searle-canada,2,11,6221068904848,diuretic.potassium-sparing diuretics
Linconocure 600mg/2ml solutn. for i.v/i.m injection (amp.),Lincomycin,kahira > evercure company-egypt,1,24,,antibiotic.macrolide
Prandaglim plus 25/45 mg 30 f.c. tabs.,Alogliptin+pioglitazone,eva pharma,3,234,,anti-diabetic.insulin sensitizers with dpp-4 inhibitor
Ozempic 0.25 mg pre-filled pen,Semaglutide,novo nordisk,1,2500,,anti-diabetic.glp-1 receptor agonist
Aldomet 250 mg 30 tab,Methyldopa,kahira,3,73.5,6221068904527,antihypertensives.centeral alpha 2 agonist
Aripipracare 10 mg 30 tabs.,Aripiprazole,multicare,3,90,,psychiatric.antipsychotics
Cinacalcet 60 mg 10 f.c. tab.,Cinacalcet,PHARMACARE,1,433,,
Aleco care cream 120 gm,Methyl salicylate-menthol-camphar,,1,30.3,,
Munito c 1000 mg 60 f.c. tabs.,Vitamin c,multicare,1,156.5,,
Alemox 1 gm 12 f.c.tabs.,Amoxicillin,alexandria,3,43.5,6223000173640,penicillins.monocomponent
Bradozen 0.5mg 20 lozenges,Domiphen bromide,Medizen,2,20,,sore throat
Alemox 750 mg 12 f.c.tabs.,Amoxicillin,alexandria,3,15.25,6223000173626,penicillins.monocomponent
Tussistop 60 mg 20 tabs.,Levodropropizine,atco pharma,2,39,6223004042362,anti-cough.antitussive
Exliance 2mg 28 tab,Baricitinib,Excellence Pharm,2,1248,6225000393844,Janus Kinase (JAK) inhibitor (rheumatoid arthritis)
Alendex 10mg 10 tab.,Alendronate,unipharma co.,1,28.8,,osteoporosis.bisphosphonates
Alendex 40mg 14 tab.,Alendronate,unipharma co.,2,33.6,,osteoporosis.bisphosphonates
Alendomax 10 mg 14 tabs.,Alendronate,sigma,2,39.2,6221051010143,osteoporosis.bisphosphonates
Sugarlo plus 50/850mg 30 f.c. tabs,Metformin hydrochloride+vildagliptin,al esraa pharmaceutical optima,3,99,6223004160486,anti-diabetic.combined secretagogues+sensitizers
Alendomax 40 mg 7 tabs.,Alendronate,sigma,1,28,,osteoporosis.bisphosphonates
Alendran 10 tablets,Alendronate,,1,31.2,3506000000004,
Alerid 10mg/ml oral dps. 10 ml,Cetirizine,global napi pharmaceuticals,1,5.25,,antihistamine.antiallergy
Alerid 10 mg 20 f.c.tabs. (n/a),Cetirizine,global napi pharmaceuticals,2,31,6223005920188,antihistamine.antiallergy
Alerid 5mg/5ml syrup 120ml,Cetirizine,global napi pharmaceuticals,1,13.5,6223005920195,antihistamine.antiallergy
Alertam 120mg 10 f.c.tab.,Fexofenadine,mup,1,21,6221508511414,antihistamine.antiallergy
Alertam 180mg 10 f.c.tab.,Fexofenadine,mup,1,16.8,6221508019613,antihistamine.antiallergy
Alertam 60mg 20 f.c.tab..,Fexofenadine,mup,2,12,6221508019514,antihistamine.antiallergy
Limitless prostanorm max 30 f.c. tabs.,,eva pharma,3,325,,saw palmetto+pumpkin seed oil+betasitostirol
Orgalight cream 25 gm,Whitening formula,hi-care > organic pharma,1,30,,whitening topical
Aleve 24tab 220mg,Naproxen,,2,22.8,,
Alex- diet 15 sachtes,Guar gum,,1,18,,
Alexa cream 75 gm,Jojoba oil+wheat germ oil+almond oil+olive oil+urea+panthenol+propylene glycol+calendula extract,hi-care > home for commercial agyncies,1,39.9,,moisturizing topicals
Alexan 1000mg/20ml i.v./s.c./intrathecal vial,Cytarabine,sandoz > novartis,1,134,,chemotherapy medication
Alexan 100mg/5ml i.v./s.c./intrathecal vial,Cytarabine,sandoz > novartis,1,28.44,,chemotherapy medication
Alexan 500mg/10ml i.v./s.c./intrathecal vial,Cytarabine,sandoz > novartis,1,80,,chemotherapy medication
Alexlactive 200 sugar coated tab.,Aloin + belladona,alexandria,10,36,,laxative
Alexodiab 1000mg 30 tabs,Metformin hydrochloride,alexandria,3,13.5,,anti-diabetic.sensitizers.biguanide
Alexoprine 75mg 50 chew. tab.,Aluminium aspirin,alexandria,5,7.5,6223000170618,nsaid
Alexoprine forte 300mg 200 tab.,Aluminium aspirin,alexandria,20,120,,nsaid
Alexoquine 250mg 10 tab.,Chloroquine phosphate,alexandria,1,10,6223000171189,antimalarial
Alex-panthen cream 20 gm,Dexamethasone+panthenol,alexandria,1,7,,moisturizing topicals
Alextol 100mg/5ml oral susp. 100ml,Carbamazepine,alexandria,1,7.5,,anti-epileptic.carboxamides
Alfaskin cream 50 gm,,el-helou perfumes & cosmetics > dulex lab,1,24,,analgesic
Alfa wash antiseptic soln. 100ml,Irgasan+menthol+thymol,marcyrl co.,1,8.95,,antiseptic
Shalgaten 400mg 30 caps.,Gabapentin,egpi > sea pharm for pharmaceuticals,3,93,,anti-epileptic.gaba analogs
Baby steps goat milk follow on formula stage 2 - 300 gm,Milk formula stage 2,nig nutritionals limited,1,384,,milk products.second stage(age 6-12 monthes)
Alfabrimo 0.2% eye drops 5 ml,Brimonidine tartrate,rameda > pharco,1,46.5,6221151002406,antiglaucoma
Trexozola 2.5 mg 10 f.c.tabs,Letrozole,TECHNOPHARMA,1,150,6224008302421,non-steroidal aromatase inhibitor
Alfacalcidol 2mcg/ml oral dps. 10 ml,Alfacalcidol,al esraa pharmaceutical optima,1,86,6223004160035,vitamin d
Alfacalcidol 2mcg/ml oral dps. 20 ml,Alfacalcidol,al esraa pharmaceutical optima,1,120,,vitamin d
Alfacareno 2mcg/ml oral drops. 10 ml,Alfacalcidol,kahira > globe international pharmaceuticals,1,109,6223003931322,vitamin d
Alfacart 20 caps,Shark cartilage extract,unipharma co. > zoser pharma,2,45,,joints care
Alfacef 500mg/100ml vial for i.v. inf.,Levofloxacin,arabcomed-egypt > spimaco misr,1,60,,antibiotic.quinolone
Alfacef 750 mg 5 f.c.tab,Levofloxacin,el-obour > spimaco misr,1,60,,antibiotic.quinolone
Alfacort cream 15 mg,Hydrocortisone,,1,13.2,,
Alfadopa 250mg 30 f.c.tab,Methyldopa,pharma cure pharmaceuticals,3,48,6224009003143,antihypertensives.centeral alpha 2 agonist
Steadyfutal 24 mg 40 tab.,Betahistine,future pharmaceutical industries (fpi),2,103,,diamine oxidase inhibitor
Manew 30 tabs,Calcium+vitamin d+vitamin c+vitamin k,health for life,1,85,,
Zamis 30 tabs,Selenium+zinc+vitamin c+vitamin b complex+folic acid,vida pharma,1,65,,
Alfaspect 500 mg 5 s.f.c. tabs.,Levofloxacin,medizen pharmaceutical industries > alpha group company,1,36.5,6224011453042,antibiotic.quinolone
Alfaspect 750 mg 7 s.f.c. tabs.,Levofloxacin,medizen pharmaceutical industries > alpha group company,1,60.5,9654000018087,antibiotic.quinolone
Umastar eye drops 10 ml,Carboxymethyl beta glucan+cross linked hyaluronic acid,italdevice srl > dmg,1,240,,analgesic anti-inflammatory.eye surgery.tissue lubricant
Alfuzosine 10 mg prolonged release cap.,Alfuzosin,borg,1,15,,antihypertensive.selective alpha 1 receptor blockers
Algason massage cream 40 gm,Camphor+diethylamine salicylate+menthol,pharco,1,28.5,6223000011973,massage.analgesic
Algesal suractive cream 40 gm,Diethylamine+myrtecaine+salicylic acid,chemipharm > solvay,1,30.5,6222006500115,massage.topical analgesic.muscle
Algibaume cream 25 gm,Amyl salicylate+diethylamine salicylate,kahira,1,4,,analgesic
Algicab susp. 120 ml,Potassium bicarbonate+sodium alginate,european egyptian pharm. ind.,1,10.5,6221076200017,antacid
Aliamare nasal spray 100ml,Seawater+hyaluronic acid sodium salt,ibsa farmaceutici >,1,235,8033638950654,nasal decongestant
Megamox es 642.9mg/5ml susp. 100 ml,Amoxicillin+clavulanic acid,al jazeera pharmaceutical,1,72.5,06285101003752,penicillins.penicillin with b-lactamase inhibitor
Alkapowder alkaline powder 12 sachets,Sodium borate+sodium bicarbonate+sodium chloride,jedco int. co. for pharmaceuticals,1,9.2,,nasal decongestant
Cartizad 30 tabs,Glucosamine hydrochloride+chondroitin sulfate+hyaluronic+msm acid+calcium fructoborate,pharma zad > safe life,3,165,,anti-rheumatic.osteoarthritis.anabolic agents
Alka 10 sachets,Borax+boric acid+sodium bicarbonate,sepco pharmaceutical co.,1,4.25,,nasal decongestant
Alka seltzer 24 tab,Acetylsalicylic acid,,2,150,,
Alka seltzer original 58 tab,Acetylsalicylic acid,,1,150,,
Alka seltzer plus cold & flu 12 tab,Acetylsalicylic acid,,1,34,,
Ectohylo eye drops 0.35ml*20 amp.,Ectoin+sodium hyaluronate+sodium chloride,bitop ag > innomed pharm,1,360,,eye lubricant
Alkaline wash (sap) sachet.,Borax+sodium bicarbonate+sodium chloride,marcyrl co.,1,8,,nasal/vaginal wash
Alkamint powder,Alkaline wash powder,,1,7,,
Alka-misr alkaline wash powder 10 sachets,Borax+sodium bicarbonate+sodium chloride,misr > al delta pharmaceuticals trading co.,10,10.5,6221035014006,nasal/vaginal wash
Appegreek syrup 100 ml,IRON(FERROUS BISGLYCINATE)+L LYSINE+VITAMIN C+VITAMEN E+VITAMIN D3+ VITAMIN(B1+B2+B3+B6+B12)+VITAMIN A+PANTOTHENIC ACID+BIOTIN+ FOLIC ACID+ZINC+MAGNESIUM+MANGANESE+IODINE,ElsebaeyPharma,1,75,6225000481510,multivitamins
Alkanazole 150mg 1 caps.,Fluconazole,future pharmaceutical industries (fpi) > international trading office,1,17.64,,antifungals.triazoles
Alkanol solution.,Chlorhexidine+hydrogen peroxide+isopropanol,hikma pharma,1,5.25,,antiseptic
Kliedoflash 30 tabs,,organix,3,85,,
Alkapezil 10 mg 7 f.c. tabs.,Donepezil,chemipharm,1,42,,acetylcholinesterase inhibitor
Diclopro k 50 mg 10 sachet,Diclofenac potassium,atco pharma > xeedia pharma,1,23.5,,nsaid.acetic acid derivatives
Exapine 60mg/0.6ml 2 prefilled syringes,Enoxaparin sodium,wadi elneel benta,2,218,,anticoagulant.low mwt heparin
Alkapress 5mg 20 tab.,Amlodipine,hikma pharma,2,41,,antihypertensive.selective calcium channel blocker
Polytar soap 100 gm,Coal tar+cade oil,weiser,1,40,,anti-dandruff
Alkapress plus 10/320 mg 7 f.c. tab.,Amlodipine+valsartan,hikma pharma,1,17.5,,antihypertensive. combined angiotensin blocker with calcium channel blocker
Alkapress plus 5/160mg 14 f.c. tabs.,Amlodipine+valsartan,hikma pharma,2,58,90210087811,antihypertensive. combined angiotensin blocker with calcium channel blocker
Alkapride 50 mg 30 scored tabs.,Itopride,future pharmaceutical industries (fpi) > utopia pharmaceuticals company,3,61.5,6223012330048,motility stimulant
Nashprep 5 mg 20 f.c.tabs.,Obeticholic acid,,2,144,,farnesoid x receptor (fxr) agonist
Tecafo 30 tab,Folic acid+vitamin b12+vitamin b6,organix > janso pharm,3,45,,folic acid and vitamins
Limitless ossofortin d3 (2000 i.u.) 30 tabs.,Cholecalciferol(vitamin d3),eva pharma,3,58,,vitamin d
Alkeran 2mg 25 tablets,Melphalan,aspen pharma trading limited > egyptian pharmaceutical trading company,1,91,5010706009820,antineoplastic
Alkeran 5mg 25 tablets,Melphalan,,1,7.75,,
Alkeran 50mg 1 vial,Melphalan,aspen pharma trading limited >phonex group,1,123.9,,antineoplastic
Albustix 16 mg 30 tabs.,Candesartan cilexetil,sigma > concord pharmaceutical industries,3,60,,antihypertensive.arbs
Alkor 10 mg 14 f.c. tabs.,Simvastatin,hikma pharma > suecal pharmaceuticals,2,42,,antihyperlipidemic.statins
Alkor 20mg 14 f.c. tab.,Simvastatin,hikma pharma > suecal pharmaceuticals,2,46,,antihyperlipidemic.statins
Alkor 40mg 14 f.c. tab.,Simvastatin,hikma pharma > suecal pharmaceuticals,1,62,,antihyperlipidemic.statins
Asco-zinc 30 caps.,Vitamin c+zinc bisglycinate chelate,copad pharma > orchidia pharmaceutical industries,3,75,,multivitamins
Alkor plus 10/40mg 14 tab,Ezetimibe+simvastatin,hikma pharma > suecal pharmaceuticals,2,126,6225000123946,antihyperlipidemic.cholesterol absorption inhibitors.combined with statin
Diclopro 150 mg id 20 tabs.,Diclofenac sodium,xeedia pharma,2,72,6224010509375,nsaid.acetic acid derivatives
Alkyloxan 200mg vial,Cyclophosphamide,choongwae pharma-korea > general technology-egypt,0,6,,antineoplastic
Alkyloxan 500mg vail,Cyclophosphamide,,1,13.2,,
Alkyloxan 50mg 150 f.c.tab,Cyclophosphamide,,1,62,,
Allear 5mg 20 f.c. tab.,Levocetirizine,western pharmaceuticals industries,2,33,,antihistamine.non-sedative.third-generation
Allear 5 mg 20 f.c.tabs.,Levocetirizine,western pharmaceuticals industries,2,33,6224007308097,antihistamine.non-sedative.third-generation
Allerban 1mg/5ml syrup 100 ml,Ketotifen,october pharma > multi-apex,1,12,,antihistamine.second-generation
Allerban sr 2mg 20 f.c. tab,Ketotifen,october pharma > multi-apex,2,24,,antihistamine.second-generation
Allerban s.r. 2 mg 20 tabs.,Ketotifen,october pharma > multi-apex,2,24,6223003200671,antihistamine.second-generation
Allercet 20 caps,Cetirizine+pseudoephedrine,global napi pharmaceuticals,2,18,,antihistamine.antiallergy.combined with vasoconstrictor agent
Allercet 20 caps,Cetirizine+pseudoephedrine,global napi pharmaceuticals,2,18,,antihistamine.antiallergy.combined with vasoconstrictor agent
Allercet cold 10 caps,Cetirizine+paracetamol(acetaminophen)+pseudoephedrine,global napi pharmaceuticals,1,15,,antihistamine.antiallergy.combined with vasoconstrictor agent
Allerease 20 cap,Herbal extrt,,2,30,,
Allerfen 180 mg 20 f.c. tabs.,Fexofenadine,amoun,2,54,6221025031136,antihistamine.antiallergy
Allerfen 120mg 20 f.c. tabs.,Fexofenadine,amoun,2,26,,antihistamine.antiallergy
Allerfen 60mg 30 f.c.tab.,Fexofenadine,amoun,3,24,6221025011862,antihistamine.antiallergy
Allergest tab,Chlorphenoxamine maleate,,1,9.5,,antihistamine anti allergy
Allergex 1.5% cream 20 gm,Chlorphenoxamine,eipico,1,4.5,6221032240224,antihistamine.antiallergy
Allergex 20mg 20 tab.,Chlorphenoxamine,eipico,2,4.5,6221032115072,antihistamine.antiallergy
Allergex caffeine 20 tab.,Caffeine+chlorphenoxamine,eipico,2,4.75,6221032110077,antihistamine
Allergex h cream 20 gm,Chlorphenoxamine+hydrocortisone+cetylpyridine,eipico,1,4.5,,anti-histamine.anti-allergy
Allergstop 50 mg/100 ml syp,Levocetirizine,,1,7.5,,
Allergstop 5mg 10 tab,Levocetirizine,,1,3,,
Allergyl 4 mg 20*10 tabs.,Chlorpheniramine,arab drug company.,20,60,6221060000036,antihistamine.antiallergy
Allergyl 2mg/5ml syrup 120ml,Chlorpheniramine,arab drug company.,1,17.5,6221060001125,antihistamine.antiallergy
Allergyl 2% topical cream 15 gm,Chlorphenoxamine,,1,4.5,,
Allergyl 4 mg 20*10 tabs.,Chlorpheniramine,arab drug company.,1,60,6221060004621,antihistamine.antiallergy
Allergyna 120mg 10 f.c. tab.,Fexofenadine,global napi pharmaceuticals > rexcel,1,15,,antihistamine.antiallergy
Allerzone 0.1% topical lotion 20 ml,Mometasone furoate,,1,22,,
Allerzone 0.1% oint. 25 gm (n/a),Mometasone furoate,,1,13.2,6223003930578,
Allevo 5mg 20 f.c. tab.,Levocetirizine,chemipharm,2,52,6222006501020,antihistamine.non-sedative.third-generation
Alloben 30 tablets,Allopurinol+benzbromarone,global napi pharmaceuticals,3,18,,antigout.xanthine oxidase inhibitor
Alloben 30 tablets,Allopurinol+benzbromarone,global napi pharmaceuticals,3,18,,antigout.xanthine oxidase inhibitor
All-vent syrup 125ml,Bromhexine+guaifenesin+menthol+terbutaline,borg,1,22,,cough drugs
All-vent syrup 125ml,Bromhexine+guaifenesin+menthol+terbutaline,borg,1,22,,cough drugs
Almitat ointment 15 gm,Alclometasone dipropionate,,1,6,6222009400016,
Almitat 15gm cream,Alclometasone,,1,6,,
Almitat cream,Alclometasone,,1,6,,
Almotrip forte 12.5 mg f.c. tab,Almotriptan,,0,21.6,,
Aloe vera with natural e 10 soft cap,Aloe vera-vitamin e,,1,11,,
Aloe vera with natural e 30soft cap,Aloe vera-vitamin e,,3,29.9,,
Aloekita anti-dandruff shampoo 200ml,Caffeine+saw palmetto+amla+aloe vera+tea tree oil+menthol,,1,119,,
Aloekita hair conditioner 200ml,Caffeine+saw palmetto+amla+aloe vera+tea tree oil+menthol,leader cosmetics > beauty & beyond international,1,180,,hair care
Alomide 1mg/ml eye drops 5 ml,Lodoxamide,alcon > novartis scientific office,1,22.8,5413895024320,antiallergic
Alopanthen hair lotion 190ml,Aloe vera+panthenol+irgasan,el nile.,0,30,,hair care
Aaa,,,0,25,,
Alopanthen hair lotion 190ml,Aloe vera+panthenol+irgasan,el nile.,0,30,,hair care
Aaa,,,0,30,,
Aloreed oint. 20 gm,Aloreed 20g ointment,,1,19.2,6221076080022,
Alpecin caffeine liquid 200 ml (n/a,,,1,150,,
Alpecin double-effect caffeine shampoo 250 ml (n/a,,,1,167,,
Alpha tone 20 cap,Evening primrose oil,,2,22.5,,
Alpha- cart 20 cap,Chondroitin,,2,30,,
Alphachymotrypsin 5mg 3 i.m. amps.,Chymotrypsin,biologici italia laboratories s.r.l. > amoun,0,32.5,6221025004918,enzyme replacement therapy
Alpha fresh 2gm 15 sachets,Guava leaves+tilia flower+liquorice,nutrixia > alfacure pharmaceuticals,1,40,6225945615155,cold drugs
Alpha hepadox 20 cap,Glutathione-milk thistle-selenium,,0,60,,
Alpha kadol oint. 35 gm,Chymotrypsin+phenylbutazone,global napi pharmaceuticals > sanofi,1,8.5,6223002148073,anti-oedematous.analgesic.combined with nsaid
Alpha net 500 mg 20 caps,Wheat germ oil,sigma > pharma net,2,34.25,6224009673018,vitamin e
Alphachymotrypsin 5mg 3 i.m. amps,Chymotrypsin,biologici italia laboratories s.r.l. > amoun,3,32.5,6221025004918,enzyme replacement therapy
Alphafen 100mg/5ml susp. 120 ml,Ibuprofen,marcyrl co. > alfacure pharmaceuticals,1,7.5,,nsaid.propionic acid derivatives
Alphafen 600mg 20 tab.,Ibuprofen,alfacure pharmaceuticals,0,20,,nsaid.propionic acid derivatives
Alphafen 600mg 20 tab,Ibuprofen,alfacure pharmaceuticals,2,20,6224000875480,nsaid.propionic acid derivatives
Alphafen 800mg 20 tab.,Ibuprofen,alfacure pharmaceuticals,2,18,6224000875503,nsaid.propionic acid derivatives
Alphagan p eye drops 5 ml,Brimonidine tartrate,allergan,1,88.25,,antiglaucoma
Alphagan p eye drops 5 ml,Brimonidine tartrate,allergan,1,88.25,,antiglaucoma
Alphakadol oint,Chymotrypsin - phenylbutazone,,1,8.5,,
Alphalaxine 10 tab 25 strips,Phenolphthaliene-aloin-atropine-nux vomica,,1,12,,
Alphalipoic 600 mg 10 tab,Thioctic acid,,1,15,,
Alphanova 0.15% ophth. sol. 5 ml,Brimonidine tartrate,orchidia pharmaceutical industries,0,33.5,,antiglaucoma
Alphanova plus ophth. sol. 5 ml,Brimonidine+timolol,orchidia pharmaceutical industries,0,39,,antiglaucoma
Alpha-premo 20 cap,Evening primrose oil,,0,13,,
Alphintern 30 f.c.tabs,Chymotrypsin+trypsin,amoun,3,54,6221025030733,anti-edema
Alprax 1mg 20 tab.,Alprazolam,sigma,0,22.5,,psychiatric.anxiolytics-hypnotics
Alprax 1 mg 20 tabs,Alprazolam,sigma,2,22.5,6221051010792,psychiatric.anxiolytics-hypnotics
Alprax 1mg 20 tab.,Alprazolam,sigma,0,22.5,,psychiatric.anxiolytics-hypnotics
Alsicur 12 cap,Pumpkin extract,,1,28.8,,
Alsiroyal 12 cap,Royal jelly,,1,15.6,4461000000004,
Alsiroyal 15 cap,Royal jelly,,1,18,,
Altargo 1% top.oint,Retapamulin,,1,31.5,,
Altiazem 60mg 40 tab,Diltiazem,eipico > lusofarmaco-italy,4,46,6221032110107,antihypertensive.nonselective calcium channel blocker
Alton h cap,Bee pollen,,1,33.6,,
Aaa,,,0,4,,
Alucal plus 20 chew. tab.,Dihydroxyaluminum sodium carbonate+simethicone,amriya,0,4.5,,antacid
Alukast 20 mg 20 f.c. tab.,Zafirlukast,,2,28.8,6223003930295,
Alumag 20 tab.,Aluminium hydroxide+magnesium trisilicate+peppermint oil,misr,0,0.3,,antacid
Alupent 2 mg/ml 100 ml elixir,Orciprenaline,,1,7.15,6221043030012,
Alusprin forte 300 mg 10 tab (chew ),Acetylsalicylate,,1,2.45,,
Alusprin inf 75 mg,Acetylsalicylic acid,,1,2.4,,
Aaa,,,0,15.6,,
Alveolin-p syrup 100 ml,Grindelia herba extract+primula radix extract+thyme herb extract+pimpinella radix extract+anise oil+,egpi,1,35,6223003930080,cough drugs
Alvesco 160mcg/actuation inhaler 120 doses,Ciclesonide,3m health care-u.k. > nycomed,0,120,,bronchodilator.anti-inflammatory.glucocorticoid steroid
Alvesco 160mcg/actuation inhaler 60 doses,Ciclesonide,,1,90,,
Alvesco 80inhaler 120 puffs,Ciclesonide,,0,90,,
Alvital 120 ml syrup,Calcium-nicotinamide-panthenol-vitamin a,,0,14.75,,
Alvital iron 120ml syrup,Iron-calcium-nicotinamide-panthenol-vita,,0,14.75,,
Alvityl 12 vitamines 50 coated tab,Multivitamins-minerals,alvityl,5,35,,multivitamin
Alzac 10 mg 20caps,Fluoxetine,,0,18,,
Alzaglob 10 mg scored 10 tab,Bonepezil,,0,45,,
Alzental 200 mg 2 f.c.tabs,Albendazole,eipico,1,6.5,6221032115270,anthelmintic
Alzental 200mg 6 f.c. tab.,Albendazole,eipico,0,15.75,,anthelmintic
Alzental 20mg/ml susp. 20ml,Albendazole,eipico,1,14,6221032222473,anthelmintic
Alzepizil 10mg 14 f.c. tab.,Donepezil,global napi pharmaceuticals,2,70,,central acetylcholinesterase inhibitor
Alzepizil 5mg 14 f.c. tab.,Donepezil,global napi pharmaceuticals,2,62,6223002141661,central acetylcholinesterase inhibitor
Alzixa 10 mg 30 f.c. tabs.,Memantine,mash premiere,3,180,6222001400465,dopamine D2 agonist
Aaa,,,0,66,,
Alzmenda 10 mg 21 f.c.tab,Memantine,marcyrl co.,3,54,6223003579906,dopamine d2 agonist
Alzmenda 20 mg 21 f.c.tabs,Memantine,marcyrl co.,3,66,6223003570682,dopamine d2 agonist
Alzmenda 20 mg 21 f.c.tabs,Memantine,marcyrl co.,3,66,6223003570682,dopamine d2 agonist
Alzmenda 10mg/gm oral drops 20 ml,Memantine,marcyrl co.,1,40,,dopamine d2 agonist
Alzmenda 5 mg 14 f.c. tab,Memantine,marcyrl co.,2,30,6223003570675,dopamine d2 agonist
Alzmenda 5mg 7 tab,Memantine,,0,12,,
Tramal 100mg/2ml 3 amps,Tramadol,adwia,3,13.5,,analgesics.narcotic opioid
Amadol 50 mg 20 caps,Tramadol,adwia,2,22,,analgesics.narcotic opioid
Amadol 50mg 20 caps.,Tramadol,adwia,0,22,,analgesics.narcotic opioid
Amadol 100 mg s.r. 10 tabs,Tramadol,adwia,1,15,,analgesics.narcotic opioid
Amaglust 2/30 mg 30 scored tab,Glimepiride+pioglitazone,eva pharma > next pharma,3,67.5,6223004519710,anti-diabetic.combined secretagogues+sensitizers
Amaglust 4/30 mg 30 scored tab,Glimepiride+pioglitazone,eva pharma > next pharma,0,58.5,,anti-diabetic.combined secretagogues+sensitizers
Amantadine 100mg 10 cap,Amantadine,,1,4,,
Amantine 100 mg 24 cap,Amantadine,,0,6,,
Amaryl 1 mg 30 tab,Glimepiride,sanofi,3,23,,anti-diabetic
Amaryl 2 mg 30 tabs,Glimepiride,sanofi,3,55.5,6223003990077,anti-diabetic
Amaryl 3 mg 30 tabs,Glimepiride,sanofi,3,61.5,6223003991968,anti-diabetic
Amaryl 4 mg 30 tabs,Glimepiride,sanofi,3,79.5,6223003991852,anti-diabetic
Amaryl m 2/500 mg 30 f.c.tabs.,Glimepiride+metformin,sanofi aventis > handok pharmaceuticals,3,73.5,6223003991869,anti-diabetic.combined secretagogues+sensitizers
Sweetal 1g*300 sachets,Sorbitol+sucralose,biopharm egypt > hygint pharmaceuticals-egypt,1,130,6224008622031,sweetener
Sweetal 1g*75sachets,Sorbitol+sucralose,biopharm egypt > hygint pharmaceuticals-egypt,1,85,6225000177802,sweetener
Sweetal 1g*60 sachets,Sorbitol+sucralose,biopharm egypt > hygint pharmaceuticals-egypt,1,75,,sweetener
Sweetal 2g*50 sachets,Sorbitol+sucralose,biopharm egypt > hygint pharmaceuticals-egypt,1,85,6225000047709,sweetener
Sweetal 300 tab sugar,Sorbitol+sucralose,biopharm egypt > hygint pharmaceuticals-egypt,1,120,6224008622031,sweetener
Sweetal stevia powdered sugar 250 gm,Sorbitol+sucralose,biopharm egypt > hygint pharmaceuticals-egypt,1,140,6225000047716,sweetener
Sweetal 50 tabs. sugar,Sorbitol+sucralose,biopharm egypt > hygint pharmaceuticals-egypt,1,40,,sweetener
Natamet 5% eye drops 5 ml (illegal import,Natamycin,imported,1,0,,antifungal eye drops
Femogesal 0.03/0.075mg 21 f.c.tabs.,Ethinyl estradiol+gestodene,technopharma,1,58,6224008302148,oral contraceptive contraception
Gestranil 0.03/0.075mg 21 sugar c.tabs,Ethinyl estradiol+gestodene,acdima,1,40,,contraceptive pills
Ambezim-g 30 f.c. tabs.,Chymotrypsin+trypsin,global napi pharmaceuticals,3,64.5,,anti-edematous - antiedema
Ambezim-g 30 f.c. tabs.,Chymotrypsin+trypsin,global napi pharmaceuticals,0,54,,enzyme replacement therapy
Ambezim-g 30 f.c. tabs.,Chymotrypsin+trypsin,global napi pharmaceuticals,3,64.5,6223002144938,anti-edematous - antiedema
Ambisome 50 mg i.v. vial,Amphotericin b,,1,2366,,antifungal
Ambrodoxy 10 caps.,Ambroxol+doxycycline,adwia,1,12,6223002976201,antibiotic with mucolytic
Ambroxol 7.5mg/ml oral drops 15 ml,Ambroxol,glaxo smithkline,1,10.5,6221045001621,mucolytic
Ambroxol 30mg 20 tab.,Ambroxol,glaxo smithkline,2,5.5,6221045001430,mucolytic
Ambroxol sr 75 mg 10 cap,Ambroxol hydrochloride 75 mg,,0,9.3,,
Ambroxol 15 mg/5ml syp. 120 ml,Ambroxol,glaxo smithkline,1,7.5,6221045001492,mucolytic
Amcinol 40mg/ml i.m amp.,Triamcinolone acetonide,,1,11,6221172000092,
Amebazol 1gm 2 f.c. tabs.,Secnidazole,egyphar,1,18.5,6224001026140,antiprotozoal
Ametic 10mg/2ml 3 amp. for i.m./i.v. inj.,Metoclopramide,eimc > pharopharma,3,3.75,,antiemetic
Amfipen 125mg/5ml susp 60 ml,Ampicillin,,1,3.85,,
Amfipen 250 mg 12 cap,Ampicillin,,1,5.6,,
Amfipen 250mg/5ml susp 60 ml,Ampicillin,,1,5.6,,
Amfipen 500 mg 12 cap,Ampicillin,,1,7.35,,
Amflux 1 g vial,Amoxicillin+flucloxacillin,pharco,1,7.25,6223000013397,penicillins.penicillin with b-lactamase inhibitor
Amflux 500mg vial,Amoxicillin+flucloxacillin,pharco,1,5.5,6223000013380,penicillins.penicillin with b-lactamase inhibitor
Marnys artrohelp 60 caps.,Monosaturated fatty acid complex+vitamin c+vitamin b6+vitamin d,marnys > walfarm,6,650,,anti-rheumatic.osteoarthritis.anabolic agent
Amigraine adco 30 tablets,Caffeine+dipyrone(metamizole)+ergotamine,arab drug company.,3,63,6221060008964,antimigraine
Amigrawest 2.5mg 4 f.c. tab,Zolmitriptan,western pharmaceuticals industries,1,29,6224007308325,antimigraine.vasoconstrictor agents.selective serotonin agonist
Amigrawest 2.5mg 4 f.c. tab,Zolmitriptan,western pharmaceuticals industries,0,24,,antimigraine.vasoconstrictor agents.selective serotonin agonist
Amikacin amoun 100mg/2ml vial,Amikacin,amoun,1,5,,aminoglycoside antibiotic
Amikacin spray 100 ml,Amikacin,Amoun,1,37,6224000588120,antibiotic
Amikacin 500mg vial (Amoun),Amikacin,Amoun,1,23.5,,antibiotic
Amikacin spray 50 ml,Amikacin,egyptian co. for adv. pharma. (ecap) > acdima international trading,0,15,,antibiotic topical
Amikin 100mg/2ml vial (n/a),Amikacin,smithkline beecham,1,6.85,,aminoglycoside antibiotic
Amikin 250mg/2ml vial (n/a),Amikacin,smithkline beecham,0,10,,aminoglycoside antibiotic
Amikin 500mg/2ml vial (n/a),Amikacin,smithkline beecham,1,18,,aminoglycoside antibiotic
Amilo 10mg 20 tab.,Amlodipine,alfacure pharmaceuticals,2,22,6224000875510,antihypertensive.selective calcium channel blocker
Amilo 5mg 30 tab.,Amlodipine,alfacure pharmaceuticals,0,30,,antihypertensive.selective calcium channel blocker
Amilo 5mg 30 tab.,Amlodipine,alfacure pharmaceuticals,0,30,,antihypertensive.selective calcium channel blocker
Amilo 5 mg 30 tab.,Amlodipine,alfacure pharmaceuticals,3,42,6224000875305,antihypertensive.selective calcium channel blocker
Amilo plus 5/160mg 10 tab.,Amlodipine+valsartan,alfacure pharmaceuticals,0,30,,antihypertensive. combined angiotensin blocker with calcium channel blocker
Aminess 400 ml p- infusion,Amino acid combination,,1,31.98,,
Amino (anabolic) 100 tablets,Amino acid-carbohydrates,,10,120,6223156027434,
Amino 10000 120cap,Isoleucine-leucine-lysine-methionine,,12,90,,
Amino 22000 - 120 cap,Amino acid-vitamin-minerals,,12,109.95,,
Amino 22000 whey c 100 cap,Amino acid-vitamin-minerals,,10,109.95,6223002630240,
Amino 22000 whey c 150 cap,Amino acid-vitamin-minerals,,15,149,,
Amino 22000 whey c 60 cap,Amino acid-vitamin-minerals,,6,57.95,6223002630233,
Amino 2222 320 tab,Amino acids,,1,970,,
Amino 2222 300 cap,Isoleucine-leucine-lysine-methionine,,30,290,,
Amino 2222 mg high protein 90 cap,Isoleucine-leucine-lysine-methionine,,9,89,5723001542014,
Amino acid 1200 complex 12 cap,Amino acid,,1,22.6,,
Amino acid 1600 unit / tab,Amino acid combination,,1,70,,
Amino-acid complex 1200mg 12 tab,Amino acid,,1,22.6,,
Amino cal 30 tab,Calcium carbonate+vitamin d,,3,34.2,,
Amino forto 500 mg 20 tabs,Amino acid,,2,40,,
Amino fuel 2000 mg 150 tab,Proteins-carbohydrates,,15,320,,
Amino fuel 2222 60 cap with calcium,Amino acid-carbohydrates,,6,90,6223001345039,
Amino fuel 2222 90 cap,Amino acids,,9,89,,
Amino fuel 794 gm powder ( vanillia ),Proteins-carbohydrates,,1,148,,
Amino fuel 798 gm powder ( strawberry ),Proteins-carbohydrates,,1,140,,
Amino fuel anabolic*liquid 948 ml,Amino acids-carbohydrates,,1,340,,
Amino fuel powder 817 gm ( chocolate ),Proteins-carbohydrates,,1,148,,
Amino plus 10 tab,Amino acids,mepaco,1,10,,amino acids
Amino powder 0.5 kg chocolate,Amino acids-carbohydrates,,1,50,,
Amino powder 0.5 kg vanillia,Amino acids-carbohydrates,,1,50,,
Awadist joint 665mg 20 tabs,Paracetamol(acetaminophen),high performance pharma (hp pharma),2,30,,
Awadist plus 20 f.c. tabs.,Paracetamol(acetaminophen)+diphenhydramine,high performance pharma (hp pharma),2,37,,
Awadist relax 20 f.c. tabs.,Methocarbamol+paracetamol(acetaminophen),high performance pharma (hp pharma),2,30,,
Amino vit 100 gm,Amino acid combination,,1,7,,
Amino vit coffee 10 sachets,Amino acid combination,,1,18,6221042207019,
Amino vit instant orange 10 sachets,Amino acid combination,,1,18,6221042206012,
Amino whey 9999 (anabolic) 30 sachets chocolate,Proteins-carbohydrates,,1,132,6223156027434,
Amino whey 9999 30 sachets vanilla,Proteins-minerals,,1,132,,
Amino whey 9999 anabolic 30 sachets apple,Proteins-minerals,,1,120,,
Aminofuel 150 tab,Amino acid,twin ab,1,210,,protein supplement
Aminofuel 60 tab,Amino acid,,1,90,,
Aminoleban i.v. infusion 500 ml,Amino acids,otsuka,1,128,6221042206012,parenteral solutions
Aminoleban en (oral) 1 sachet 50 gm,,otsuka,0,65,6221042206012,liver support supplements
Aminoleban i.v. infusion 500 ml,Amino acids,otsuka,1,90,6221042206012,parenteral solutions
Aminophlline syrup 120 ml,Theophylline anhydrous,,1,5.5,,
Aminoplasmal 10% e i.v.infusion,Amino acids - electrolytes,,1,50,,
Aminoplasmal 5% e i.v.infusion,Amino acids - electrolytes,,1,36,,
Aminoplasmal hepa 10%  i.v.infusion,Amino acids,,1,86,,
Aminosteril 8% n- hepa sol 500 ml,Amino acid combination,,1,100,,
Aminosteril ke 10% infusion (n/a),Amino acid combination,,1,62,,
Aminosteril n hepa 8%  i.v.infusion,Amino acids,,0,100,,
Aminosteril ke 10% infusion (n/a),Amino acids,,1,62,,
Aminots gh 120 cap,Isoleucine-leucine-lysine-methionine,,12,180,,
Aminoven 10% (500ml) i.v.infusion,Amino acids,,1,200,8806106301483,
Aminoven infant 10% (100ml) i.v.infusion,Amino acids,,1,92.5,,
Aminoven infant 10% 250 ml i.v.infusion,Amino acids,,1,50,,
Aminovenous n.paed 6% i.v.infusion,Isoleucine,,1,34,,
Amipride 50mg 20 tab,Amisulpride,sigma > andalous pharma,2,81,6224000396398,psychiatric.antipsychotics
Amlo-ace 5/10 mg 10 caps.,Amlodipine-benazepril,,1,19.2,6224007364017,
Amlodipine 10mg 20 tabs.,Amlodipine,amriya,2,32,6221075014127,antihypertensive.selective calcium channel blocker
Amlodipine 10mg 20tab,Amlodipine,,0,22,,
Amlodipine 5mg 30 tab.,Amlodipine,amriya,0,33,,antihypertensive.selective calcium channel blocker
Amlodipine 5mg 30tab,Amlodipine,,0,33,,
Ammonia solution 15 ml,Ammonia solution,,1,4,,
Ammonia solution10 ml,Ammonia solution,,1,3.75,,
Ammoniated mercury 5% 30 gm- oint,Ammoniated mercury,,1,5.5,,
Ammoniated mercury 5% oint. 30 gm,Ammoniated mercury,,1,5.5,,
Amocerebral plus 20/40 mg 30 tabs.,Cinnarizine+diphenhydramine,amoun,3,24,6221025030658,antiemetic.promote cerebral blood flow.antihistamine
Amoclawin 1 gm 7 tab,Amoxicillin+clavulanic acid,sedico > sanofi aventis,0,34.5,,penicillins.penicillin with b-lactamase inhibitor
Amoclawin 228.5mg/5ml pd. for oral susp. 60ml,Amoxicillin+clavulanic acid,sedico > sanofi aventis,0,19,,penicillins.penicillin with b-lactamase inhibitor
Amoclawin 457mg/5ml pd. for oral susp. 60ml,Amoxicillin+clavulanic acid,sedico > sanofi aventis,1,22.5,6223003990206,penicillins.penicillin with b-lactamase inhibitor
Amoclox 500mg 16 caps.,Amoxicillin+dicloxacillin,memphis,0,13.5,,penicillins.penicillin with b-lactamase inhibitor
Amocomb cream 15 gm,Gramicidin+neomycin+nystatin+triamcinolone,amoun,1,14,6221025018380,
Aaa,,,0,5.3,,
Amoflam 100mg 10 enteric coated tab.,Aceclofenac,amoun,1,7.5,6221025018700,nsaid.acetic acid derivatives
Amoflux 125/125mg 12 caps.,Amoxicillin+flucloxacillin,rameda > delta pharma,2,8.25,,penicillins.penicillin with b-lactamase inhibitor
Amoflux 250mg pd. for oral susp. 100 ml,Amoxicillin+flucloxacillin,delta pharma,0,10,,penicillins.penicillin with b-lactamase inhibitor
Amofluxin 1 gm 20 f.c. tabs.,Amoxicillin+flucloxacillin,rameda,2,45,6223003970451,penicillins.penicillin with b-lactamase inhibitor
Amoflux 500mg vial,Amoxicillin+flucloxacillin,rameda > delta pharma,1,5.5,,penicillins.penicillin with b-lactamase inhibitor
Amofluxin 500mg 20 caps.,Amoxicillin+flucloxacillin,rameda,0,40,,penicillins.penicillin with b-lactamase inhibitor
Amophage 500mg 30 tab,Metformin,amoun,3,10.5,6221025010179,anti-diabetic.sensitizers.biguanide
Amophage 500mg 30 tab,Metformin,amoun,0,10.5,,anti-diabetic.sensitizers.biguanide
Amosar 100mg 30 f.c. tabs.,Losartan potassium,amoun,3,75,6221025024442,antihypertensive.angiotensin blocker
Amosar 25mg 20 f.c.tab.,Losartan potassium,amoun,2,28.8,6221025016263,antihypertensive.angiotensin blocker
Amosar 50mg 30 f.c. tabs.,Losartan potassium,amoun,3,51,6221025024435,antihypertensive.angiotensin blocker
Aaa,,,0,84,,
Amosar forte 100/25 mg 30 f.c.tab.,Hydrochlorothiazide+losartan,amoun,0,84,,antihypertensive. combined angiotensin blocker with diuretic
Amostigmine 15 mg 20 tab,Neostigmine,,2,8,6221025013699,
Amostigmine 0.5mg/ml  3amp,Neostigmine,amoun,3,5,6221025007421,para sympathomimtic
Amotril 0.5mg 30 tab.,Clonazepam,amoun,3,5.15,6221025008312,anti-epileptic.benzodiazepines
Amotril 2mg 30 tab.,Clonazepam,amoun,3,8.3,6221025008329,anti-epileptic.benzodiazepines
Amovit-c 1 gm 12 eff. tab.,Vitamin c,,1,8,6221025015709,
Aaa,,,0,9,,
Amoxicid 125mg susp 60ml,Amoxicillin,,0,6,,
Amoxicid 250mg 12 caps.,Amoxicillin,cid,0,6.25,,penicillins.monocomponent
Amoxicid 250mg susp 60 ml,Amoxicillin,,1,7,6221043010052,
Amoxicid 500mg 12 caps,Amoxicillin,,2,9.5,,
Amoxicillin 125mg/5 ml susp. 80 ml,Amoxicillin,october pharma,1,9,,penicillins.monocomponent
Amoxicillin 250mg/5ml susp 80 ml,Amoxicillin,,1,7,,
Amoxicillin 250mg 12 cap,Amoxicillin,,2,4.7,,
Amoxicillin 250mg susp 60 ml,Amoxicillin,,1,5.95,6221060000739,
Amoxicillin 250mg/5ml susp 100 ml,Amoxicillin,,1,7.5,,
Amoxicillin 500mg 12 caps.,Amoxicillin,october pharma,2,9.5,,penicillins.monocomponent
Amoxil 1gm vial,Amoxicillin,mup > smithkline beecham,1,6.5,,penicillins.monocomponent
Amoxil 125mg/5ml susp. 100ml,Amoxicillin,mup > smithkline beecham,1,6.25,6221045010913,penicillins.monocomponent
Amoxil 125mg/5ml susp. 100ml,Amoxicillin,mup > smithkline beecham,0,6.25,,penicillins.monocomponent
Amoxil 500mg vial,Amoxicillin,mup > smithkline beecham,0,6.5,,penicillins.monocomponent
Amoxil 500mg vial,Amoxicillin,mup > smithkline beecham,1,6.5,,penicillins.monocomponent
Amoxil 500mg 12 caps.,Amoxicillin,mup > smithkline beecham,2,9,6221045010050,penicillins.monocomponent
Amoxil fort 250mg/5ml susp. 60ml,Amoxicillin,mup > smithkline beecham,1,5.5,,penicillins.monocomponent
Amoxilanic 457mg/5ml susp. 70ml,Amoxicillin+clavulanic acid,delta pharma > debeiky,1,29,6224000873080,penicillins.penicillin with b-lactamase inhibitor
Amoxycillin 250 mg/5 ml susp. 80 ml,Amoxicillin,arab drug company.,0,7,,penicillins.monocomponent
Amoxycillin 500mg 12 caps b.p.2013,Amoxicillin,arab drug company.,2,9,6221060000463,penicillins.monocomponent
Amoxycillin 500mg 10 caps b.p.2013,Amoxicillin,arab drug company.,0,6.5,,penicillins.monocomponent
Amphotericin- b 50 mg vial,Amphotericin-b,,1,120,,
Ampicid 250 mg cap,Ampicillin,,1,6,,
Ampicid 500 mg 12 cap,Ampicillin,,2,8.45,,
Ampicillin-nile 1gm vial,Ampicillin,nile,1,8.75,,penicillins.monocomponent
Ampicillin sodium 1gm vial,Ampicillin,cid,1,4,,penicillins.monocomponent
Ampicillin-misr 125mg/5 ml susp. 60ml,Ampicillin,misr,1,12,,
Ampicillin 250mg 12 caps,Ampicillin,,2,6.5,,
Ampicillin 250mg vial,Ampicillin,,1,6,,
Ampicillin-misr 250 mg 12 caps.,Ampicillin,el nasr,2,8.5,,
Ampicillin-el nasr 250mg/5ml susp. 60ml,Ampicillin,,1,14,,
Ampicillin 500mg vial,Ampicillin,,1,3.5,,
Ampicillin 500mg 10 cap,Ampicillin,,1,7.15,,
Ampicillin 500mg 12 cap,Ampicillin,,0,11.5,,
Ampicillin 500mg 12 cap,Ampicillin,,2,11.5,,
Ampicillin 500mg vial,Ampicillin,el nasr,1,7.5,,penicillin monocomponent
Ampicillin adco 500mg 10 cap,Ampicillin,adco,1,6.3,,
Ampicillin cid 250mg 12 caps,Ampicillin,cid,2,6.5,,penicillins
Ampicillin el nile 250mg/5ml susp. 60 ml,Ampicillin,el nile,1,14,,
Ampicillin forte 500mg 12 cap,Ampicillin,,2,7.6,,
Ampicillin-misr 1gm vial,Ampicillin,misr,1,10,,penicillins.monocomponent
Ampicillin misr 250mg 12 cap,Ampicillin,,2,8.5,,
Ampicillin misr 250mg susp 60 ml,Ampicillin,,1,16.5,,
Ampicillin misr 500mg 12 cap,Ampicillin,,2,11.5,,
Ampicillin mup 250mg 12 cap,Ampicillin,,2,8,,
Ampiclox 500mg 12 caps.,Ampicillin+cloxacillin,mup > smithkline beecham,0,8.6,,penicillins.penicillin with b-lactamase inhibitor
Aaa,,,0,8.6,,
Ampiclox 500mg 12 caps.,Ampicillin+cloxacillin,mup > smithkline beecham,0,8.6,,penicillins.penicillin with b-lactamase inhibitor
Ampictam 1500mg vial for i.v./i.m. inj.,Ampicillin+sulbactam,el nile.,1,21.15,,penicillins.penicillin with b-lactamase inhibitor
Ampictam 1500mg vial for i.v./i.m. inj.,Ampicillin+sulbactam,el nile.,0,21.15,,penicillins.penicillin with b-lactamase inhibitor
Ampictam 375mg 12 tab.,Ampicillin+sulbactam,el nile.,2,45,6221077015511,penicillins.penicillin with b-lactamase inhibitor
Ampictam 750mg vial,Ampicillin+sulbactam,el nile.,0,14.6,,penicillins.penicillin with b-lactamase inhibitor
Ampiflux 500mg 12 caps.,Ampicillin+flucloxacillin,pharco,2,16,6223000012178,penicillins.penicillin with b-lactamase inhibitor
Ampiflux 250mg/5ml susp. 60ml,Ampicillin+flucloxacillin,pharco,0,11.75,,penicillins.penicillin with b-lactamase inhibitor
Amrase 30 enteric coated tab.,Ox bile+pancreatin+papain,amriya,3,12.15,6221075010075,digestive enzymes
Amriflucan 150 mg 2 caps.,Fluconazole,amriya,1,11,6221075021019,antifungals.triazoles
Amri-k 10mg/ml 5 amp. i.m.,Vitamin k1,amriya,5,27.5,6221075030011,vitamin k
Amriphylline 100mg 5 supp.,Theophylline,amriya,1,3.5,6221075100073,bronchodilator.phosphodiesterase inhibitors
Amriphylline 300mg 5 supp.,Theophylline,amriya,0,5,,bronchodilator.phosphodiesterase inhibitors
Amriphylline 0.05gm/5ml syrup 120ml,Theophylline sodium glycinate,amriya,1,6,6221075050064,bronchodilator
Amristatin 20mg 10 f.c. tab.,Simvastatin,amriya,1,36,6221075010082,antihyperlipidemic.statins
Amrizole 1 gm 5 rectal supp,Metronidazole,amriya,0,6.75,,antiprotozoal.nitroimidazole
Amrizole 125mg/5ml susp. 120 ml,Metronidazole,amriya,0,11,,antiprotozoal.nitroimidazole
Amrizole 250mg 20 tab,Metronidazole,amriya,2,11.5,6221075010037,antiprotozoal.nitroimidazole
Amrizole 500mg 5 vaginal supp.,Metronidazole,amriya,1,10.5,6221075150863,antiprotozoal.nitroimidazole
Amrizole 500 mg 20 tabs.,Metronidazole,amriya,2,15,6221075010044,antiprotozoal.nitroimidazole
Amvasc 10mg 30 caps.,Amlodipine,jamjoom pharmaceuticals,3,30,6281208035658,antihypertensive.selective calcium channel blocker
Amvasc 5mg 30 capsules,Amlodipine,jamjoom pharmaceuticals,3,28.8,6281208015650,antihypertensive.selective calcium channel blocker
An - epa - 9- 30 cap,Royal jelly-epa-omega-3-fatty acids,,3,43.35,,
Anabol tablets 1000 tab,Amino acid combination,,1,550,8852086710005,
Anabolic activator 59.2 ml,Amino acids-carbohydrates,,1,450,,
Anaflex 10% powder(cancelled),Polynoxylinum,eipico > geistlish,0,6,6221032160034,antibiotic
Anaflex 10% oint.(cancelled),Polynoxylin 10%,,1,5.85,6221032240064,
Cesana 15 sachets,URIDINE MONO PHOSPHATE+BIOTIN+L-CARNITINE+CREATINE+GLUCOSAMINE+MSM+THIOCTIC ACID+BENFOTIAMINE,life care,1,500,,
Methyl cobal 500 ampoule - imported,,,10,0,,
Horse chestnut capsule,,,1,0,,
Olisup 30 pieces,Folic acid+vitamin b1+vitamin b6+vitamin b12,medcare > ibm,1,40,,multivitamins.vitamin b. b complex
Anafronil 25mg 30 tablets,Clomipramin hydrochlride,,0,36,,
Anafronil sr 75mg 20 tablets,Clomipramin hydrochloride,,0,60,,
Anagen hair lotion spray 120 ml,Rosemary oil+lavender oil+thymol ex+olive oil+biotin+castor oil+birch ex+isopropyl alcohol+cetiol he,egyptian company for cosmetics > pearla pharm co.,1,119.95,,hair care
Analfan 200 mg 20 tab,Glafenine,,2,4.8,,
Analgex oblong 500 mg 20x10 f.c. tabs.,Metamizole,,1,100,6223000170960,
Analgex oblong 500mg 200 f.c. tab.,Dipyrone(metamizole),alexandria,0,46,,antipyretic
Analgin syrup 100 ml,Dipyrone(metamizole),,1,9.5,,
Analgin el nasr 500mg 10 tab,Dipyrone(metamizole),,1,2.7,,
Analgin el nasr 500mg 200 tab,Dipyrone(metamizole),,20,16.8,,
Anallerge 2mg/5ml syrup 100 ml,Chlorpheniramine,kahira,1,7,6221068402948,antihistamine.antiallergy
Anallerge 4mg 20 tab,Chlorpheniramine,kahira,1,4,,antihistamine.antiallergy
Anandron 50mg 15 tab.,Nilutamide,sanofi,1,78.7,,anti-androgen
Anapental 500mg i.v. 1 vial,Thiopental,sigma,1,9,6221172000115,anesthesia
Anapramine 25 mg 30 f.c.tab,Clomipramine,sigma,0,31.5,,psychiatric.antidepressants
Anapramine s.r. 75mg 20 f.c.tab,Clomipramine,sigma,2,33,6221051011652,psychiatric.antidepressants
Anarcol 50mg 30 f.c. tab.,Naltrexone,multi-apex,3,540,,analgesics.narcotic opioid
Anausan 120ml syrup,Metoclopramide+vitamin b6,rameda,1,4.8,,antiemetic
Aaa,,,3,4.8,,
Andiomaline 6 % 4 ml-10 amp,Androgen,,10,3.45,,
Andogablin 75mg 20 cap,Pregabalin,,2,74,,
Andouristat 80 mg 20 f.c. tablets,Febuxostat,andalous pharma,2,56,6224000396268,antigout
Andovimpamide 100 mg 30 tabs.,Lacosamide,andalous pharma,3,273,,anti-epileptic
Andriol 40mg 20 caps,Testosterone,sedico > schering plough,2,40,,androgen
Androcur 50mg 20 tab.,Cyproterone,bayer schering > bayer healthcare,0,120.1,,anti-androgen
Andromen 40mg 20 soft gelatin capsules,Testosterone undecananoate,delta pharma,0,26.4,,andrigen
Androxine 250mg 10 tab.,Flutamide,sigma,0,35,,hirsutism
Anexate 0.5mg/5ml 5 i.v. amps.,Flumazenil 100 mcg / ml,EGYPTIAN PHARMACEUTICAL TRADING COMPANY,5,1430,,antidote.benzodiazepine overdoses.gaba modulators
Angelica massage cream 60gm,,,1,21.1,,
Angikinase 500 000 i.u. vial,Urokinase,sedico,0,630,,thrombolytic agent
Angiografin 65% infusion 100 ml,Diatrizoate meglumine+diatrizoate sodium,,1,41.75,,
Angiopress comp 50/25mg 30tab,Captopril-hydrochlorothiazide,pharopharma,3,20.4,6221094025142,anti-hypertensive - combined ace with diuretic
Aaa,,,0,32,,
Angiosartan 10mg 28 f.c. tabs.,Olmesartan,chemipharm,0,32,,antihypertensive.angiotensin blocker
Angiosartan 20mg 28 f.c. tabs.,Olmesartan,chemipharm,0,40,,antihypertensive.angiotensin blocker
Angiosartan 20mg 28 f.c. tabs.,Olmesartan,chemipharm,4,40,6222006502072,antihypertensive.angiotensin blocker
Angiosartan 20mg 28 f.c. tabs.,Olmesartan,chemipharm,0,40,,antihypertensive.angiotensin blocker
Angiosartan 40mg 28 f.c. tabs.,Olmesartan,chemipharm,0,54,,antihypertensive.angiotensin blocker
Angiosartan 40mg 28 f.c. tabs.,Olmesartan,chemipharm,4,78,6222006501815,antihypertensive.angiotensin blocker
Angiosartan plus 20/12.5mg 28 f.c. tabs.,Hydrochlorothiazide+olmesartan,chemipharm,0,44,,antihypertensive. combined angiotensin blocker with diuretic
Angiosartan plus 20/25mg 28 f.c. tabs.,Hydrochlorothiazide+olmesartan,chemipharm,4,66,6222006502096,antihypertensive. combined angiotensin blocker with diuretic
Angiosartan plus 20/25 mg 28 f.c. tabs.,Hydrochlorothiazide+olmesartan,chemipharm,0,46,,antihypertensive. combined angiotensin blocker with diuretic
Angiosartan plus 20/25mg 28 f.c. tabs.,Hydrochlorothiazide+olmesartan,chemipharm,0,46,,antihypertensive. combined angiotensin blocker with diuretic
Angiosartan plus 40/12.5mg 28 f.c. tabs.,Hydrochlorothiazide+olmesartan,chemipharm,0,54,,antihypertensive. combined angiotensin blocker with diuretic
Angiosartan plus 40/12.5mg 28 f.c. tabs.,Hydrochlorothiazide+olmesartan,chemipharm,4,54,6222006502126,antihypertensive. combined angiotensin blocker with diuretic
Angiosartan plus 40/25mg 28 f.c. tabs.,Hydrochlorothiazide+olmesartan,chemipharm,4,82,6222006501914,antihypertensive. combined angiotensin blocker with diuretic
Angiovan 5mg 20 tab,Vinpocetine,mup,2,10,6221508016711,nootropic
Angised 0.5mg 100 tab,Glyceryl trinitrate,,1,5,6005591819141,
Angurate 25 bags,Mentzelia cordifolia dombey,,1,21.6,,
Animal shapes usp 60 tab,Multivitamins for kids,,1,120,,
Anisol 20 cap,Anise-menthol,,2,28.8,,
Anisol cap,Anise-menthol,,1,23.8,,
Anoxicam 20mg 10 supp.,Tenoxicam,marcyrl co.,2,20,6223003570644,nsaid.oxicam
Anoxicam 20mg 20 tab.,Tenoxicam,marcyrl co.,0,28.8,,nsaid.oxicam
Anschlarin syrup 120 ml,Iron,averroes pharma-egypt,0,10.5,,anemia.iron supplement
Antacid-jedco 480mg 20 chewable tab.,Magaldrate,jedco int. co. for pharmaceuticals,0,6.5,,antacid
Antacid-jedco 480mg 20 chewable tab.,Aluminum hydioxide-magnesium hydroxide,,2,6.5,,
Antacidin 240 tab ( chew),Aluminum hydroxide-magnesium hydroxide,,24,21.6,,
Antacidin plus 20 tab,Aluminum hydroxide-magnesium hydroxide-d,,2,3.8,,
Anthelmin 100mg/5ml susp. 30ml,Mebendazole,pharco,0,3.5,,anthelmintic
Anti- a-test serum amp,Serum for blood group test,,1,26.05,,
Anti- d test serum amp,Serum for blood group test,,1,34,,
Anti dep  150 mg 20 cap,Hypericum,mepaco,2,8,6223002211036,psychiatric.mood stabilizers
Anti- gas gangrene amp,Polyvalent gas gangrene antitoxin,,1,241,,
Anti- gas gangrene one dose,Polyvalent gas gangrene antitoxin,,1,297,,
Anti- hemophilic globulin,Anti hemophilic globulin,,1,10,,factor 8
Anti- hemophilic plasma,Anti hemophilic plasma proteins,,1,447.2,,
Anti- rabies vaccin 20 dose(s) . vial,Vaccine rabies anti-serum,,1,150,,
Anti rh (d) amp,Anti d (rho) immunoglobulins,,1,338,,
Anti rh 120 unit im/iv,Rh factor,,1,194,,
Anti rh rhophylac,Anti rh factor,,1,825,,
Anti- scorpion serum dry amp,Anti scorpion serum,,1,9.1,,
Anti- scorpion serum liquid amp,Anti scorpion serum,,1,3.25,,
Anti- snake venom dry amp,Anti snake venum,,1,48.4,,
Anti- snake venom serum liquid amp,Anti snake venum serum,,1,48.8,,
Anti- tetanic 1500 iu- amp,Anti tetanic serum,,1,7,,
Anti- tetanic serum 30000 iu amp,Anti tetanic serum,,1,70,,
Anti-b-test serum amp,Serum for blood group test,,1,26.05,,
Nazowell 150 mg 1 cap.,Fluconazole,,1,24.5,,antifungal
Anti-cox ii 15mg 30 tab.,Meloxicam,adwia,3,73.5,6223002978618,nsaid.oxicam
Oxamin 10 sachets for immunity with vanilla,Colostrum+synbiotic+iron+vitamin c+zinc+protein+folic acid,Voeden Med,1,84.5,,anemia.inhance immunity
Anti-cox ii 15mg/3ml 6 amp,Meloxicam,adwia,6,54,6223002978076,nsaid.oxicam
Anti-cox ii 7.5mg 20 caps,Meloxicam,adwia,2,39,6223002976287,nsaid.oxicam
Anti-cox ii 15mg 10 supp,Meloxicam,adwia,2,25.5,6223002978397,nsaid.oxicam
Anti-d test serum amp,Serum for blood group test,,1,2.35,,
Antidiazox 100mg/5ml pd. for oral sol. 60 ml,Nitazoxanide,global napi pharmaceuticals,0,15.75,,antihelminthic
Antidiazox 500mg 12 f.c.tab.,Nitazoxanide,global napi pharmaceuticals,2,43.25,6223002140435,antihelminthic
Antiflam 1% emulgel 20 gm,Diclofenac sodium,t3a pharma,0,7.5,,nsaid.acetic acid derivatives
Antiflam 25mg 20 tab.,Diclofenac potassium,t3a pharma > vodachem pharmaceuticals,0,16.25,,nsaid.acetic acid derivatives
Antiflam 50mg 20 tab.,Diclofenac potassium,t3a pharma > vodachem pharmaceuticals,2,32,6223005980069,nsaid.acetic acid derivatives
Antiflu 20 cap,Caffeine+chlorpheniramine+ibuprofen+phenylpropanolamine,adwia,2,23,6223002976331,cold & flu drugs
Antimycot 30 ml drops,Nystatin 100.000 iu/1ml,,1,7,,
Antinal 200mg 24 capsules,Nifuroxazide,amoun,2,36,6221025022431,antidiarrheal.antiprotozoal
Antinal 220mg/5ml 60ml susp.,Nifuroxazide,amoun,1,15,6221025005298,antidiarrheal
Antioxidant plus 20 cap,Vitamins-minerals,,2,33,,
Antiscar viscous solution 50 ml,Glycerol+honey+camellia sinensis+vaccinium myrtillus+xanthan gum,vitro-bio > rameda,0,250,,healing topical
Antiseptol 1mg/ml mouth wash 120 ml,Chlorhexidine,kahira,0,9,,antiseptic solution.oral mouth wash
Anti-tetanic 1500 iu-1 cm (10 amp),Anti tetanic vaccine,,10,30,,
Antiver 100mg 20*6 tabs.,Mebendazole,alexandria,20,140,6223000170656,anthelmintic
Antiver 100mg/5ml susp. 30ml,Mebendazole,alexandria,1,17.5,6223000171035,anthelmintic
Antizole 200mg 2 tab.,Albendazole,alexandria,1,4,6223000170854,anthelmintic
Antizole 200mg 2 tab.,Albendazole,alexandria,0,4,,anthelmintic
Antizole 100mg/5ml susp. 30ml,Praziquantel,,1,5.8,6223000171011,
Antodine 20 mg 10 effervescent tabs.,Famotidine,amoun,1,12,6221025018670,h2-blocker - hyperacidity
Antodine 10mg 10 chewable tab,Famotidine,,0,10.5,,h2-blocker - antihyperacidity
Antodine 40mg/5ml powder for oral suspension 60 ml,Famotidine,amoun,1,19.8,,peptic ulcer.anti-histamine.h2 antagonist
Ancavaz 10/5 mg 20 tabs.,Amlodipine + perindopril,zeta pharm,2,51.5,,anti-hypertensive.combined ace with calcium channel blocker
Antodine 20mg/2ml 3 i.m. or i.v. amps.,Famotidine,amoun,3,39,6221025014986,peptic ulcer.anti-histamine.h2 antagonist
Antodine 20mg 30 tablets,Famotidine,amoun,0,36,,h2-blocker - hyperacidity
Vonaspire 20mg 14 f.c. tab,Vonoprazan,al rowad pharmaceutical industrial co.>inspire pharmaceutical company,2,92,6224000866877,peptic ulcer.potassium-competitive acid blocker
Antodine 40mg 30 f.c. tablets,Famotidine,amoun,3,58.5,6221025003843,peptic ulcer.anti-histamine.h2 antagonist
Antopral 20mg 14 tab,Pantoprazole,novartis,2,61,6223002642267,peptic ulcer proton pump inhibitor
Antopral 40 mg 14 tab.,Pantoprazole,novartis,0,52.5,,peptic ulcer.proton pump inhibitor
Antopral 40mg 14 tab.,Pantoprazole,novartis,2,87,6223002641802,peptic ulcer.proton pump inhibitor
Antox 30 tabs,Selenium+vitamins (a-c-e),mepaco,3,42,6223002212552,multivitamins
Antoxy plus 20 tab,Multivitamins-minerals,,2,33.4,,
Anusol 25g oint,Bismuth subgallate,hikma pharma > johnson & johnson usa,1,7.5,,anti hemorrhoids
Anusol 6 supp,Bismuth gallate-zinc oxide,,1,9,,
Servi light 30 caps.,Green coffee,servilife pharma,3,160,,weight loss
Anusol hc 6 supp,Bismuth subgallate-zinc oxide,,1,9.5,,
Anuva 50mg 10 dispersible tab.,Diclofenac sodium,novartis,1,17.25,6223002640065,nsaid.acetic acid derivatives
Aaa,,,1,650,,
Apcalis 20 mg 4 film coated tab,Tadalafil,indian co,1,30,8901111825112,tonic for men
Apetoid 100mg 3 f.c.tab.,Leflunomide,multi-apex,1,95,,immunosuppressive agent.antirheumatic antiviral agent.pyrimidine synthesis inhibitor
Apetoid 20mg 30 f.c.tab.,Leflunomide,multi-apex,3,180,,immunosuppressive agent.antirheumatic antiviral agent.pyrimidine synthesis inhibitor
Apetoid 20mg 30 f.c.tab.,Leflunomide,multi-apex,3,180,6223003200817,immunosuppressive agent.antirheumatic antiviral agent.pyrimidine synthesis inhibitor
Apetryl 0.5mg 50 tab.,Clonazepam,multi-apex,5,27.5,6223003200008,anti-epileptic.benzodiazepines
Apetryl 0.5mg 50 tab.,Clonazepam,multi-apex,0,22.25,,anti-epileptic.benzodiazepines
Apetryl 2 mg 30 tab.,Clonazepam,multi-apex,0,23.75,,anti-epileptic.benzodiazepines
Apetryl 2mg 30 tab.,Clonazepam,multi-apex,3,30,6223003200046,anti-epileptic.benzodiazepines
Apexazole 1% cream 15 gm,Oxiconazole,,1,10,,
Apexazole 1%topical lotion 15 ml,Oxhconazole,,1,11,,
Apexidone 0.5mg 30 f.c.tab.,Risperidone,multi-apex,3,49.5,6223003202514,psychiatric.antipsychotics
Apexidone 1mg/ml syrup 100 ml,Risperidone,marcyrl co. > multi-apex,1,60,6223003202576,psychiatric.antipsychotics
Apexidone 1mg 20 f.c.tab.,Risperidone,multi-apex,0,54,,psychiatric.antipsychotics
Apexidone 1mg 20 f.c.tab.,Risperidone,multi-apex,2,54,6223003200596,psychiatric.antipsychotics
Apexidone 2mg 20 f.c.tab.,Risperidone,multi-apex,0,75,,psychiatric.antipsychotics
Apexidone 2mg 20 f.c.tab.,Risperidone,multi-apex,0,75,,psychiatric.antipsychotics
Apexidone 3mg 30 f.c.tab.,Risperidone,multi-apex,3,126,6223003200633,psychiatric.antipsychotics
Apexidone 3mg 30 f.c.tab.,Risperidone,multi-apex,0,126,,psychiatric.antipsychotics
Apexidone 4mg 30 f.c.tab.,Risperidone,multi-apex,3,126,6223003200909,psychiatric.antipsychotics
Apexidone 4mg 30 f.c.tab.,Risperidone,multi-apex,0,126,,psychiatric.antipsychotics
Aphro neo formula 20 cap,Ginseng extract+royal jelly,,2,18,,
Aphrogen boost 20 caps,Multivitamins-minerals,,2,27.75,,
Aphthtab 2mg 20 buccal bioadhesive tab.,Amlexanox,,2,46,6223002451876,
Api-care cream 25 gm,Selected theraputically active gereinigter honig,cosmopack for cosmeyics >araziani chemicals,1,29.9,,healing topical
Api-care 40g cream,Selected theraputically active gereinigter honig,,1,29.9,,
Apicorte forte 1% eye drops,Prednisolone acetate 1%,,1,20.4,6251151000072,
Apidone syrup 125ml,Chlorpheniramine+dexamethasone,amoun,1,15,6221025004833,antihistamine.antiallergy.combined with glucocorticoid steroid
Apidra solostar 100i.u./ml 5 prefilled pens,Insulin glulisine human,sanofi,5,472.5,3582910017646,insulin for diabetes
Drinking powder sachets,,,1,25,6224009673124,
Apifortyl 30 capsule,Minerals+vitamins,october pharma,3,60,6221088021242,multivitamins
Apigent 3mg/gm eye/ear oint.,Gentamicin 0.3%,,1,5,6221025002990,
Apigent 3mg/ml eye/ear drops 5 ml,Gentamicin 0.3%,,1,5,6221025002983,
Apigent 0.1% top. cr. 15 gm,Gentamicin 0.1%,,1,4.8,6221025014832,
Apigent-p eye/ear drops 5 ml,Gentamicin 0.3%-prednisolone,,1,6.5,6221025002976,
Apigent-p eye/ear oint. 5 gm,Gentamicin,amoun,1,8,6221025008282,aminoglycoside antibiotic
Apimed 40 mg cream,,,1,35.9,,
Apimed cream 20 gm,,,1,19.15,,
Apixol 0.5% eye drops 5 ml,Betaxolol,,1,19.8,,
Apo - calcitonin 200 i.u./meterd dose sprey,Calcitonin,,1,105,,
Aaa,,,0,112,,
Apo - mefloquine 250 mg 8 tab,Mefloquine,,1,65,,
Apo-lorazepam 2mg 10 tab,Lorazepam,apotex,1,3.4,,anxiolytic.hypnotic
Apo-lorazepam 2mg 100 tab,Lorazepam,apotex,1,16.8,,anxiolytic -- hypnotic
Apotamex 20mg 100 tab,Tamoxifen,,10,115.55,,
Apple cider vinegar 120tab,Apple vinegar,puritans pride,1,125,,apple vinegar
Apple vinegar vilux syrup 250 ml,Apple vinegar,,1,28.5,,
Apple vinegar vilux syrup 473 ml,Apple vinegar,,1,30.9,,
Apple vinegar vilux syrup 500 ml,Apple vinegar,,1,19.5,,
Apple-lite 30 tablets,Apple fibers+pure apple gel pectin,mepaco,3,21,6223002212521,weight loss
Apranax 550 mg 16 tab,Naproxen sodium,,2,73,,
Apranox 500 mg 3amp,Naproxen,,3,7.7,,
Apresoline 25mg 84tab,,,1,88,5060064170649,
Apresoline ampolues 20mg 5amp,,,5,205,5021730005740,
Aprima 3 mg,Sildenafil citrate,,1,24,,
Aprotinin 500000 iu vail,Aprotinin,,1,300,,
Aprovel 150mg 14 tab.,Irbesartan,sanofi,2,55,6223003990213,antihypertensive.angiotensin blocker
Aprovel 300mg 14tab,Irbesartan,,2,70,6223003990220,
Aptamil 2 milk 400 gm,Milk formula stage 2,nutricia cuijk b.v. > united partners company,1,130,8712400766937,milk products.second stage (age 6-12 months)
Aptamil 1 advance premium+ milk 400 gm,Milk,,1,230,,
Aptamil comfort milk 400 gm,Milk formula stage 2,,1,260,,
Aptamil 2 advance premium+ milk 400 gm,Milk formula stage 2,nutricia cuijk b.v. > united partners company,1,230,,milk products.second stage (age 6-12 months)
Aptamil lf milk 400 gm,Lactose free milk formula,nutricia cuijk b.v. > united partners company,1,235,8712400718349,lactose free milk
Aptamil milk ( 1 ) 400g pronutra powder,Milk formula stage 1,,1,95,,
Aptamil milk ( 1 ) 450 g powder,Milk formula stage 1,,1,95,8712400768009,
Aqua baby syrup- 120 ml,Caraway-fennel-peppermint oil-methylhydr,,1,7,,
Aqua cure syrup 120 ml,Caraway oil+dill oil+fennel oil+chamomile extract+sodium bicarbonate,pharma cure pharmaceuticals,1,7,6224000651121,git disturbances
Aqua cid 120ml syrup,Natural oils,,1,4.25,6221043010229,
Aqua collo 120 ml syrup,Fennel extract+ginger extract+dill oil+caraway oil+sodium bicarbonate,copad > elwtania,1,32,,carminative.anti-flatulent.anti-spasmodic
Aqua dent 300 ml mouth wash,Mouth wash formula,,1,33,,
Aqua- gem- e- 30 cap,Vitamin e 200 iu,,3,33.55,,
Aqua gripe 60ml syrup,Caraway oil-sodium bicarbonate-dill oil-,,1,5,6221094010834,
Aqua gripe syrup 120 ml,Caraway oil-sodium bicarbonate-dill oil-,,1,7,,
Aqua moon syrup,,,1,11.5,,
Aqua plus 100ml syrup,Caraway oil-dill oil-fennel oil-chamomile extract-sodium bicarbonate,,1,30,,
Aqua queen syp,Dill oil-sod.bicarbonate,,1,9.5,,
Aqua ream z 120ml syrup,Carvon-eugenol-zingiber,,1,10.5,,
Aqua v 60ml cream,Sodium lauryl ethersulphate-betaine-menthol-camphor-triclosan-chamomile extract-cmc-methyl paraben-p,,1,58,6224000696191,
Aqua-cure 120ml syrup,Sodium bicarbonat-terpeneless dil seed o,pharma cure pharmaceuicals,0,7,,git disturbances
Aquagen 20ml sol,Oxygen,,1,33.5,,
Aquagen 60ml sol,Oxygen,aquagen >sigma,1,79.9,,antiseptic solution
Aqua-mix 100ml syrp,Dill oil-peppermint oil-sodium bicarbona,,1,7,,
Aqua-pen 1 m.i.u. vial.,Penicillin g,misr > cid,1,7.5,6221043010236,antibiotic
Aqua vera 120ml syrup (cancelled),Belladonna+cardamom+peppermint oil+potassium bromide+sodium benzoate+trisodium citrate,amoun,0,6.5,6221025002891,antiflatulent
Aaa,,,0,24,,
Aratins 25mg 10 tab,Losartan potassium,AMOUN,1,7.25,6221050031361,antihypertensive angiotensin blocker
Arbateg 2% susp. 100ml,Carbamazepine,medizen,1,24,,anti-epileptic
Arbateg 200mg 30 tab,Carbamazepine,medizen,3,19.5,,anti-epileptic
Ornivoda 500mg 10 tablets,Ornidazole,hikma,1,27.5,,antiprotozoal
Arcalion 200mg 40 tab,Sulbutiamine,servier,2,43,6223003960018,nootropic
Selex 15 sachets,Zinc+selenium+vitamin C+vitamin E+lactoferrin,merva pharma,1,74,,antioxidant.multivitamins.anemia.immunity
Arcalion forte 400mg 30 f.c.tab,Sulbutiamine,servier,3,53,,nootropic
Arca-zinc 30 caps,Sulbutiamine+zinc sulphate,egyphar,0,18,,nootropic
Arca-zinc 30 caps,Sulbutiamine+zinc sulphate,egyphar,3,18,6224001026362,nootropic
Aredia 15mg 4 vials (cancelled),Pamidroneate disodium,,4,930.6,,
Arepexane 10mg 20 f.c. tab.,Aripiprazole,delta pharma,2,60,6221163010109,psychiatric.antipsychotics
Arepexane 10mg 20 tab,Aripiprazole,delta pharma,0,60,,psychiatric - antipsychotic
Arepexane 30mg 20 f.c. tab.,Aripiprazole,delta pharma,2,80,6221163010123,psychiatric.antipsychotics
Ar-eze 20 f.c. tablets,Celery seed+devil s claw+turmeric+billbery+hawthorn berry,sigma > ibe pharma,2,40,,rheumatic pain
Aaa,,,0,40,,
Argi-b3 20gm cream,Panthenol-silver sulphadiazine,,1,25.2,,
Aaa,,,0,6,,
Argiderm - p- 30 gm cream,Silver sulphadiazine 1%-panthenol,,1,5.3,,
Aaa,,,0,9,,
Argotex cream 50 gm,Menthol+propylene glycol+glyceryl monostearate+aloe vera extract,hi-care > roventis pharma,1,12,,massage
Aricept 10mg 7 f.c. tab.,Donepezil,pfizer,1,180,,acetylcholinesterase inhibitor
Aricept 10mg 14 tab,Donepezil,pfizer,2,360,6221180001739,acetylcholinesterase inhibitor
Aricept 5 mg 14 tab.,Donepezil,pfizer,2,300,6221180000879,central acetylcholinesterase inhibitor
Aricept 5mg 7 tab.,Donepezil,pfizer,1,150,6221180000862,acetylcholinesterase inhibitor
Aaa,,,0,400,,
Aripiprazole 1mg/ml oral sol. 120 ml,Aripiprazole,el obour >inspire pharmaceutical company,1,33,,psychatric anti psychotics
Aripiprazole 10mg odt 20tab,Aripiprazole,,2,89.75,,
Aripiprazole 15mg 20 f.c. tab.,Aripiprazole,el-obour,2,98,6224000866013,psychiatric.antipsychotics
Aripiprazole 15mg 20 f.c. tab.,Aripiprazole,el-obour,2,98,6224000866013,psychiatric.antipsychotics
Aripiprazole 20 mg 20 f.c. tab.,Aripiprazole,el-obour,2,103.75,,psychiatric.antipsychotics
Aripiprazole 20 mg 20 f.c. tab.,Aripiprazole,el-obour,0,103.75,,psychiatric.antipsychotics
Aripiprazole 20 mg 20 f.c. tab.,Aripiprazole,el-obour,2,103.75,6224000866020,psychiatric.antipsychotics
Aripiprazole 30mg 20 f.c tab,Aripiprazole,El- Obour,0,112,,psychiatric antipsychotics
Aripiprazole 30mg 20 f.c tab,Aripiprazole,El- Obour,2,114,6224000866037,psychiatric antipsychotics
Aripiprazole 30mg odt 20 tab,Aripiprazole,,2,126,6224000866051,
Aripiprex 1mg/ml oral sol. 100 ml,Aripiprazole,andalous pharma,1,30,6224000396435,psychiatric.antipsychotics
Aripiprex 9.75mg/1.3ml 1 vial i.m. inj.,Aripiprazole,andalous pharma,1,21.5,,psychiatric.antipsychotics
Aripiprex 10mg 30 f.c.tab.,Aripiprazole,andalous pharma,3,120,6224000396183,psychiatric.antipsychotics
Aaa,,,0,160,,
Arixtra 2.5mg/0.5ml 10 s.c. prefilled syringes,Fondaparinux sodium,glaxo smithkline > phoenix-egypt,10,921,,anticoagulant.low mwt heparin synthetic pentasaccharide
Arixtra 7.5mg/0.6ml 10 s.c prefilled syringes,Fondaparinux sodiom,glaxo smithkline > phoenix-egypt,10,1706,,anticoagulant
Aaa,,,0,52,,
Aromasin 25 mg 30 tabs.,Exemestane,pfizer,2,720,,antineoplastic
Arozole 100mg 4 caps.,Itraconazole,alfacure pharmaceuticals,1,19.2,6224000875589,antifungals.triazoles
Arozole 100mg 14 caps.,Itraconazole,alfacure pharmaceuticals,0,62,,antifungals.triazoles
Arpimune me 100mg 50 s.g. caps.,Cyclosporin,,5,574,,
Aaa,,,0,574,,
Arpimune me 50mg 50 s.g. caps.,Cyclosporin,,5,308,,
Arrowsamine 30 cap,Chondroitin+glucosamine,,3,32.25,,
Aaa,,,0,39,,
Arsenal 20 capsules,Glucosamine sulphate+curcumin+vitamin c+vitamin d3+vitamin e+silica+boron+selenium+molybdneum+zinc++,grand pharma,2,39,,joints care
Artamine 250mg 50 capsules,Penicillamine,sandoz,5,184,,antirheumatic - wilson s disease - antidote
Limitless c-zinc original 30 lozenges,Vitamin c+zinc gluconate,eva pharma,3,76,6223007351362,immune enhancer
Artec 500/500mg 20 f.c.tabs.,Chondroitin+glucosamine,arab caps > andalous medical,2,70,6224000696382,antirheumatic.osteoarthritis.anabolic agents
Arteflex 200 mg 20 cap,Fenofibrate,,2,18,6221051020555,
Arteflex 300 mg 20 cap,Fenofibrate,,2,26.4,6221051020593,
Arteflex 67 mg 20 cap,Fenofibrate,,2,8.5,6221051020586,antihyperlipidimics fibrates
Artelac ophtiole 3.2mg/ml eye drops 10 ml 2 bottles,Hydroxypropyl methylcellulose,mina pharm > dr.mann-germany,0,20,,eye lubricant
Artelac ophtiole 3.2mg/ml eye drops 10 ml 2 bottles,Hydroxypropyl methylcellulose,mina pharm > dr.mann-germany,2,20,6222003701249,eye lubricant
Arthenia cream 50gm,Liquorice-kojic acid-vitamins (a-c-e)-lactic acid-tea tree oil,,1,210,6224007394007,
Arthfree 20mg 30 f.c. tab.,Leflunomide,eva pharma,3,195,,immunosuppressive agent.antirheumatic antiviral agent.pyrimidine synthesis inhibitor
Arthfree 20mg 30 f.c. tab.,Leflunomide,eva pharma,3,195,,immunosuppressive agent.antirheumatic antiviral agent.pyrimidine synthesis inhibitor
Arthfree 20mg 30 f.c. tab.,Leflunomide,eva pharma,3,195,6224010273214,immunosuppressive agent.antirheumatic antiviral agent.pyrimidine synthesis inhibitor
Arthfree 100mg 3 f.c. tab.,Leflunomide,eva pharma,1,60,6223002450046,immunosuppressive agent.antirheumatic antiviral agent.pyrimidine synthesis inhibitor
Aaa,,,0,8,,
Arthritis free spray topical spray.,Menthol+methyl salicylate,egyptian co. for adv. pharma. (ecap) > millenium pharma-egypt,0,18,,analgesic
Arthrofast 150 mg 14 m.r. tablets,Diclofenac sodium,novartis,2,68,,nsaid.acetic acid derivatives
Arthrofast 150 mg 14 m.r. tablets,Diclofenac sodium,novartis,0,50.5,,nsaid.acetic acid derivatives
Arthrosamine 30 caps.,Glucosamine+ginko biloba leaf extract,al rowad pharmaceutical industrial co.,0,31.5,,antirheumatic.osteoarthritis.anabolic agents
Arthrosamine 30 caps.,Glucosamine+ginko biloba leaf extract,al rowad pharmaceutical industrial co.,3,31.5,6224000915056,antirheumatic.osteoarthritis.anabolic agents
Articavol 75mg/3ml 3 amp.,Diclofenac sodium,global pharmaceutical industries,3,22.5,6223004900471,nsaid.acetic acid derivatives
Articu-safe 50mg 30 caps.,Diacerin,global napi pharmaceuticals,3,111,6223002145942,anti-inflammatory
Articu-safe 50 mg 10cap,Diacerin,,1,36,,
Articu-safe 50mg 30 caps.,Diacerin,global napi pharmaceuticals,3,111,6223002145249,anti-inflammatory
Artificial renal solution 1012,Electrolytes for haemodialysis,,1,40.5,,
Artificial saliva oral spray 30 ml,Calcium chloride+magnesium chloride+potassium chloride+potassium hydroxide+sodium chloride,sigma tec,0,8,,oral care
Artinibsa 40mg/0.005mg/ml s.c./i.m inj.,Adrenaline+articaine,inibsa-spain > wedjat pharma,1,500,,dental anaesthetic
Arythrex 100mg 10 caps.,Celecoxib,amoun,0,21.6,,nsaid.selective cox-2 inhibitors
Arythrex 200mg 20 cap,Celecoxib,amoun,2,94,6221025021335,nsaid.selective cox-2 inhibitors
Ascizadex-n top. gel 40 gm,Aescin+diethylamine salicylate,zad,0,13.5,,nsaid.antirehumatic.salicylates
Asco 20 tab,Salicylamide-paracetamol,,2,2.8,,analgesic
Asco 200 tab,Salicylamide-paracetamol,,20,10,,
Asconal 250 tab,Paracetamol-caffeine-codeine-phenobarbitone,,1,18,,
Ascorbovit 1 gm 6 sachets,Vitamin c,pharco,1,5,,vitamin c
